/*
SQLyog 企业版 - MySQL GUI v8.14 
MySQL - 5.1.73-log : Database - spay7
*********************************************************************
*/

/*!40101 SET NAMES utf8 */;

/*!40101 SET SQL_MODE=''*/;

/*!40014 SET @OLD_UNIQUE_CHECKS=@@UNIQUE_CHECKS, UNIQUE_CHECKS=0 */;
/*!40014 SET @OLD_FOREIGN_KEY_CHECKS=@@FOREIGN_KEY_CHECKS, FOREIGN_KEY_CHECKS=0 */;
/*!40101 SET @OLD_SQL_MODE=@@SQL_MODE, SQL_MODE='NO_AUTO_VALUE_ON_ZERO' */;
/*!40111 SET @OLD_SQL_NOTES=@@SQL_NOTES, SQL_NOTES=0 */;

/*Data for the table `t_bids` */

/*Data for the table `t_consumers` */

/*Data for the table `t_db_operations` */

insert  into `t_db_operations`(`id`,`supervisor_id`,`time`,`ip`,`type`,`filename`) values (1,1,'2014-08-18 18:40:01','172.16.1.138',3,'/home/backup-file-mysql/6ebc6684-7fb4-430d-8321-80d73bab0d93'),(2,1,'2014-08-21 11:26:32','127.0.0.1',3,'d:/home/backup-file-mysql/4758102b-26ac-43ff-841c-bc8dacd074de'),(3,1,'2014-08-22 00:25:48','172.16.1.156',1,'/home/backup-file-mysql/63753bee-fd62-43c5-b772-f4624013cb0f'),(4,1,'2014-08-22 00:27:49','172.16.1.156',0,'/home/backup-file-mysql/6bf50669-2bf9-4d2e-8127-0654b2aedba8'),(5,1,'2014-09-10 22:12:58','127.0.0.1',0,'//Users/md005/Desktop/backup-file-mysql/5c37e465-5777-4251-9e23-fd2b305de56f'),(6,1,'2014-09-10 22:14:33','127.0.0.1',0,'//Users/md005/Desktop/backup-file-mysql/a48c41ca-49f6-4a70-99d2-071e0163d40f'),(7,1,'2014-09-10 22:18:19','127.0.0.1',3,'//Users/md005/Desktop/backup-file-mysql/e480f8a7-50f4-4cff-aabb-a7e82dab9025');

/*Data for the table `t_dict_ad_areas` */

insert  into `t_dict_ad_areas`(`id`,`city_id`,`name`) values (110101,110100,'东城区'),(110102,110100,'西城区'),(110103,110100,'崇文区'),(110104,110100,'宣武区'),(110105,110100,'朝阳区'),(110106,110100,'丰台区'),(110107,110100,'石景山区'),(110108,110100,'海淀区'),(110109,110100,'门头沟区'),(110111,110100,'房山区'),(110112,110100,'通州区'),(110113,110100,'顺义区'),(110114,110100,'昌平区'),(110115,110100,'大兴区'),(110116,110100,'怀柔区'),(110117,110100,'平谷区'),(110228,110200,'密云县'),(110229,110200,'延庆县'),(120101,120100,'和平区'),(120102,120100,'河东区'),(120103,120100,'河西区'),(120104,120100,'南开区'),(120105,120100,'河北区'),(120106,120100,'红桥区'),(120107,120100,'塘沽区'),(120108,120100,'汉沽区'),(120109,120100,'大港区'),(120110,120100,'东丽区'),(120111,120100,'西青区'),(120112,120100,'津南区'),(120113,120100,'北辰区'),(120114,120100,'武清区'),(120115,120100,'宝坻区'),(120221,120200,'宁河县'),(120223,120200,'静海县'),(120225,120200,'蓟县'),(130101,130100,'市辖区'),(130102,130100,'长安区'),(130103,130100,'桥东区'),(130104,130100,'桥西区'),(130105,130100,'新华区'),(130107,130100,'井陉矿区'),(130108,130100,'裕华区'),(130121,130100,'井陉县'),(130123,130100,'正定县'),(130124,130100,'栾城县'),(130125,130100,'行唐县'),(130126,130100,'灵寿县'),(130127,130100,'高邑县'),(130128,130100,'深泽县'),(130129,130100,'赞皇县'),(130130,130100,'无极县'),(130131,130100,'平山县'),(130132,130100,'元氏县'),(130133,130100,'赵县'),(130181,130100,'辛集市'),(130182,130100,'藁城市'),(130183,130100,'晋州市'),(130184,130100,'新乐市'),(130185,130100,'鹿泉市'),(130201,130200,'市辖区'),(130202,130200,'路南区'),(130203,130200,'路北区'),(130204,130200,'古冶区'),(130205,130200,'开平区'),(130207,130200,'丰南区'),(130208,130200,'丰润区'),(130223,130200,'滦县'),(130224,130200,'滦南县'),(130225,130200,'乐亭县'),(130227,130200,'迁西县'),(130229,130200,'玉田县'),(130230,130200,'唐海县'),(130281,130200,'遵化市'),(130283,130200,'迁安市'),(130301,130300,'市辖区'),(130302,130300,'海港区'),(130303,130300,'山海关区'),(130304,130300,'北戴河区'),(130321,130300,'青龙满族自治县'),(130322,130300,'昌黎县'),(130323,130300,'抚宁县'),(130324,130300,'卢龙县'),(130401,130400,'市辖区'),(130402,130400,'邯山区'),(130403,130400,'丛台区'),(130404,130400,'复兴区'),(130406,130400,'峰峰矿区'),(130421,130400,'邯郸县'),(130423,130400,'临漳县'),(130424,130400,'成安县'),(130425,130400,'大名县'),(130426,130400,'涉县'),(130427,130400,'磁县'),(130428,130400,'肥乡县'),(130429,130400,'永年县'),(130430,130400,'邱县'),(130431,130400,'鸡泽县'),(130432,130400,'广平县'),(130433,130400,'馆陶县'),(130434,130400,'魏县'),(130435,130400,'曲周县'),(130481,130400,'武安市'),(130501,130500,'市辖区'),(130502,130500,'桥东区'),(130503,130500,'桥西区'),(130521,130500,'邢台县'),(130522,130500,'临城县'),(130523,130500,'内丘县'),(130524,130500,'柏乡县'),(130525,130500,'隆尧县'),(130526,130500,'任县'),(130527,130500,'南和县'),(130528,130500,'宁晋县'),(130529,130500,'巨鹿县'),(130530,130500,'新河县'),(130531,130500,'广宗县'),(130532,130500,'平乡县'),(130533,130500,'威县'),(130534,130500,'清河县'),(130535,130500,'临西县'),(130581,130500,'南宫市'),(130582,130500,'沙河市'),(130601,130600,'市辖区'),(130602,130600,'新市区'),(130603,130600,'北市区'),(130604,130600,'南市区'),(130621,130600,'满城县'),(130622,130600,'清苑县'),(130623,130600,'涞水县'),(130624,130600,'阜平县'),(130625,130600,'徐水县'),(130626,130600,'定兴县'),(130627,130600,'唐县'),(130628,130600,'高阳县'),(130629,130600,'容城县'),(130630,130600,'涞源县'),(130631,130600,'望都县'),(130632,130600,'安新县'),(130633,130600,'易县'),(130634,130600,'曲阳县'),(130635,130600,'蠡县'),(130636,130600,'顺平县'),(130637,130600,'博野县'),(130638,130600,'雄县'),(130681,130600,'涿州市'),(130682,130600,'定州市'),(130683,130600,'安国市'),(130684,130600,'高碑店市'),(130701,130700,'市辖区'),(130702,130700,'桥东区'),(130703,130700,'桥西区'),(130705,130700,'宣化区'),(130706,130700,'下花园区'),(130721,130700,'宣化县'),(130722,130700,'张北县'),(130723,130700,'康保县'),(130724,130700,'沽源县'),(130725,130700,'尚义县'),(130726,130700,'蔚县'),(130727,130700,'阳原县'),(130728,130700,'怀安县'),(130729,130700,'万全县'),(130730,130700,'怀来县'),(130731,130700,'涿鹿县'),(130732,130700,'赤城县'),(130733,130700,'崇礼县'),(130801,130800,'市辖区'),(130802,130800,'双桥区'),(130803,130800,'双滦区'),(130804,130800,'鹰手营子矿区'),(130821,130800,'承德县'),(130822,130800,'兴隆县'),(130823,130800,'平泉县'),(130824,130800,'滦平县'),(130825,130800,'隆化县'),(130826,130800,'丰宁满族自治县'),(130827,130800,'宽城满族自治县'),(130828,130800,'围场满族蒙古族自治县'),(130901,130900,'市辖区'),(130902,130900,'新华区'),(130903,130900,'运河区'),(130921,130900,'沧县'),(130922,130900,'青县'),(130923,130900,'东光县'),(130924,130900,'海兴县'),(130925,130900,'盐山县'),(130926,130900,'肃宁县'),(130927,130900,'南皮县'),(130928,130900,'吴桥县'),(130929,130900,'献县'),(130930,130900,'孟村回族自治县'),(130981,130900,'泊头市'),(130982,130900,'任丘市'),(130983,130900,'黄骅市'),(130984,130900,'河间市'),(131001,131000,'市辖区'),(131002,131000,'安次区'),(131003,131000,'广阳区'),(131022,131000,'固安县'),(131023,131000,'永清县'),(131024,131000,'香河县'),(131025,131000,'大城县'),(131026,131000,'文安县'),(131028,131000,'大厂回族自治县'),(131081,131000,'霸州市'),(131082,131000,'三河市'),(131101,131100,'市辖区'),(131102,131100,'桃城区'),(131121,131100,'枣强县'),(131122,131100,'武邑县'),(131123,131100,'武强县'),(131124,131100,'饶阳县'),(131125,131100,'安平县'),(131126,131100,'故城县'),(131127,131100,'景县'),(131128,131100,'阜城县'),(131181,131100,'冀州市'),(131182,131100,'深州市'),(140101,140100,'市辖区'),(140105,140100,'小店区'),(140106,140100,'迎泽区'),(140107,140100,'杏花岭区'),(140108,140100,'尖草坪区'),(140109,140100,'万柏林区'),(140110,140100,'晋源区'),(140121,140100,'清徐县'),(140122,140100,'阳曲县'),(140123,140100,'娄烦县'),(140181,140100,'古交市'),(140201,140200,'市辖区'),(140202,140200,'城区'),(140203,140200,'矿区'),(140211,140200,'南郊区'),(140212,140200,'新荣区'),(140221,140200,'阳高县'),(140222,140200,'天镇县'),(140223,140200,'广灵县'),(140224,140200,'灵丘县'),(140225,140200,'浑源县'),(140226,140200,'左云县'),(140227,140200,'大同县'),(140301,140300,'市辖区'),(140302,140300,'城区'),(140303,140300,'矿区'),(140311,140300,'郊区'),(140321,140300,'平定县'),(140322,140300,'盂县'),(140401,140400,'市辖区'),(140402,140400,'城区'),(140411,140400,'郊区'),(140421,140400,'长治县'),(140423,140400,'襄垣县'),(140424,140400,'屯留县'),(140425,140400,'平顺县'),(140426,140400,'黎城县'),(140427,140400,'壶关县'),(140428,140400,'长子县'),(140429,140400,'武乡县'),(140430,140400,'沁县'),(140431,140400,'沁源县'),(140481,140400,'潞城市'),(140501,140500,'市辖区'),(140502,140500,'城区'),(140521,140500,'沁水县'),(140522,140500,'阳城县'),(140524,140500,'陵川县'),(140525,140500,'泽州县'),(140581,140500,'高平市'),(140601,140600,'市辖区'),(140602,140600,'朔城区'),(140603,140600,'平鲁区'),(140621,140600,'山阴县'),(140622,140600,'应县'),(140623,140600,'右玉县'),(140624,140600,'怀仁县'),(140701,140700,'市辖区'),(140702,140700,'榆次区'),(140721,140700,'榆社县'),(140722,140700,'左权县'),(140723,140700,'和顺县'),(140724,140700,'昔阳县'),(140725,140700,'寿阳县'),(140726,140700,'太谷县'),(140727,140700,'祁县'),(140728,140700,'平遥县'),(140729,140700,'灵石县'),(140781,140700,'介休市'),(140801,140800,'市辖区'),(140802,140800,'盐湖区'),(140821,140800,'临猗县'),(140822,140800,'万荣县'),(140823,140800,'闻喜县'),(140824,140800,'稷山县'),(140825,140800,'新绛县'),(140826,140800,'绛县'),(140827,140800,'垣曲县'),(140828,140800,'夏县'),(140829,140800,'平陆县'),(140830,140800,'芮城县'),(140881,140800,'永济市'),(140882,140800,'河津市'),(140901,140900,'市辖区'),(140902,140900,'忻府区'),(140921,140900,'定襄县'),(140922,140900,'五台县'),(140923,140900,'代县'),(140924,140900,'繁峙县'),(140925,140900,'宁武县'),(140926,140900,'静乐县'),(140927,140900,'神池县'),(140928,140900,'五寨县'),(140929,140900,'岢岚县'),(140930,140900,'河曲县'),(140931,140900,'保德县'),(140932,140900,'偏关县'),(140981,140900,'原平市'),(141001,141000,'市辖区'),(141002,141000,'尧都区'),(141021,141000,'曲沃县'),(141022,141000,'翼城县'),(141023,141000,'襄汾县'),(141024,141000,'洪洞县'),(141025,141000,'古县'),(141026,141000,'安泽县'),(141027,141000,'浮山县'),(141028,141000,'吉县'),(141029,141000,'乡宁县'),(141030,141000,'大宁县'),(141031,141000,'隰县'),(141032,141000,'永和县'),(141033,141000,'蒲县'),(141034,141000,'汾西县'),(141081,141000,'侯马市'),(141082,141000,'霍州市'),(141101,141100,'市辖区'),(141102,141100,'离石区'),(141121,141100,'文水县'),(141122,141100,'交城县'),(141123,141100,'兴县'),(141124,141100,'临县'),(141125,141100,'柳林县'),(141126,141100,'石楼县'),(141127,141100,'岚县'),(141128,141100,'方山县'),(141129,141100,'中阳县'),(141130,141100,'交口县'),(141181,141100,'孝义市'),(141182,141100,'汾阳市'),(150101,150100,'市辖区'),(150102,150100,'新城区'),(150103,150100,'回民区'),(150104,150100,'玉泉区'),(150105,150100,'赛罕区'),(150121,150100,'土默特左旗'),(150122,150100,'托克托县'),(150123,150100,'和林格尔县'),(150124,150100,'清水河县'),(150125,150100,'武川县'),(150201,150200,'市辖区'),(150202,150200,'东河区'),(150203,150200,'昆都仑区'),(150204,150200,'青山区'),(150205,150200,'石拐区'),(150206,150200,'白云矿区'),(150207,150200,'九原区'),(150221,150200,'土默特右旗'),(150222,150200,'固阳县'),(150223,150200,'达尔罕茂明安联合旗'),(150301,150300,'市辖区'),(150302,150300,'海勃湾区'),(150303,150300,'海南区'),(150304,150300,'乌达区'),(150401,150400,'市辖区'),(150402,150400,'红山区'),(150403,150400,'元宝山区'),(150404,150400,'松山区'),(150421,150400,'阿鲁科尔沁旗'),(150422,150400,'巴林左旗'),(150423,150400,'巴林右旗'),(150424,150400,'林西县'),(150425,150400,'克什克腾旗'),(150426,150400,'翁牛特旗'),(150428,150400,'喀喇沁旗'),(150429,150400,'宁城县'),(150430,150400,'敖汉旗'),(150501,150500,'市辖区'),(150502,150500,'科尔沁区'),(150521,150500,'科尔沁左翼中旗'),(150522,150500,'科尔沁左翼后旗'),(150523,150500,'开鲁县'),(150524,150500,'库伦旗'),(150525,150500,'奈曼旗'),(150526,150500,'扎鲁特旗'),(150581,150500,'霍林郭勒市'),(150602,150600,'东胜区'),(150621,150600,'达拉特旗'),(150622,150600,'准格尔旗'),(150623,150600,'鄂托克前旗'),(150624,150600,'鄂托克旗'),(150625,150600,'杭锦旗'),(150626,150600,'乌审旗'),(150627,150600,'伊金霍洛旗'),(150701,150700,'市辖区'),(150702,150700,'海拉尔区'),(150721,150700,'阿荣旗'),(150722,150700,'莫力达瓦达斡尔族自治旗'),(150723,150700,'鄂伦春自治旗'),(150724,150700,'鄂温克族自治旗'),(150725,150700,'陈巴尔虎旗'),(150726,150700,'新巴尔虎左旗'),(150727,150700,'新巴尔虎右旗'),(150781,150700,'满洲里市'),(150782,150700,'牙克石市'),(150783,150700,'扎兰屯市'),(150784,150700,'额尔古纳市'),(150785,150700,'根河市'),(150801,150800,'市辖区'),(150802,150800,'临河区'),(150821,150800,'五原县'),(150822,150800,'磴口县'),(150823,150800,'乌拉特前旗'),(150824,150800,'乌拉特中旗'),(150825,150800,'乌拉特后旗'),(150826,150800,'杭锦后旗'),(150901,150900,'市辖区'),(150902,150900,'集宁区'),(150921,150900,'卓资县'),(150922,150900,'化德县'),(150923,150900,'商都县'),(150924,150900,'兴和县'),(150925,150900,'凉城县'),(150926,150900,'察哈尔右翼前旗'),(150927,150900,'察哈尔右翼中旗'),(150928,150900,'察哈尔右翼后旗'),(150929,150900,'四子王旗'),(150981,150900,'丰镇市'),(152201,152200,'乌兰浩特市'),(152202,152200,'阿尔山市'),(152221,152200,'科尔沁右翼前旗'),(152222,152200,'科尔沁右翼中旗'),(152223,152200,'扎赉特旗'),(152224,152200,'突泉县'),(152501,152500,'二连浩特市'),(152502,152500,'锡林浩特市'),(152522,152500,'阿巴嘎旗'),(152523,152500,'苏尼特左旗'),(152524,152500,'苏尼特右旗'),(152525,152500,'东乌珠穆沁旗'),(152526,152500,'西乌珠穆沁旗'),(152527,152500,'太仆寺旗'),(152528,152500,'镶黄旗'),(152529,152500,'正镶白旗'),(152530,152500,'正蓝旗'),(152531,152500,'多伦县'),(152921,152900,'阿拉善左旗'),(152922,152900,'阿拉善右旗'),(152923,152900,'额济纳旗'),(210101,210100,'市辖区'),(210102,210100,'和平区'),(210103,210100,'沈河区'),(210104,210100,'大东区'),(210105,210100,'皇姑区'),(210106,210100,'铁西区'),(210111,210100,'苏家屯区'),(210112,210100,'东陵区'),(210113,210100,'沈北新区'),(210114,210100,'于洪区'),(210122,210100,'辽中县'),(210123,210100,'康平县'),(210124,210100,'法库县'),(210181,210100,'新民市'),(210201,210200,'市辖区'),(210202,210200,'中山区'),(210203,210200,'西岗区'),(210204,210200,'沙河口区'),(210211,210200,'甘井子区'),(210212,210200,'旅顺口区'),(210213,210200,'金州区'),(210224,210200,'长海县'),(210281,210200,'瓦房店市'),(210282,210200,'普兰店市'),(210283,210200,'庄河市'),(210301,210300,'市辖区'),(210302,210300,'铁东区'),(210303,210300,'铁西区'),(210304,210300,'立山区'),(210311,210300,'千山区'),(210321,210300,'台安县'),(210323,210300,'岫岩满族自治县'),(210381,210300,'海城市'),(210401,210400,'市辖区'),(210402,210400,'新抚区'),(210403,210400,'东洲区'),(210404,210400,'望花区'),(210411,210400,'顺城区'),(210421,210400,'抚顺县'),(210422,210400,'新宾满族自治县'),(210423,210400,'清原满族自治县'),(210501,210500,'市辖区'),(210502,210500,'平山区'),(210503,210500,'溪湖区'),(210504,210500,'明山区'),(210505,210500,'南芬区'),(210521,210500,'本溪满族自治县'),(210522,210500,'桓仁满族自治县'),(210601,210600,'市辖区'),(210602,210600,'元宝区'),(210603,210600,'振兴区'),(210604,210600,'振安区'),(210624,210600,'宽甸满族自治县'),(210681,210600,'东港市'),(210682,210600,'凤城市'),(210701,210700,'市辖区'),(210702,210700,'古塔区'),(210703,210700,'凌河区'),(210711,210700,'太和区'),(210726,210700,'黑山县'),(210727,210700,'义县'),(210781,210700,'凌海市'),(210782,210700,'北镇市'),(210801,210800,'市辖区'),(210802,210800,'站前区'),(210803,210800,'西市区'),(210804,210800,'鲅鱼圈区'),(210811,210800,'老边区'),(210881,210800,'盖州市'),(210882,210800,'大石桥市'),(210901,210900,'市辖区'),(210902,210900,'海州区'),(210903,210900,'新邱区'),(210904,210900,'太平区'),(210905,210900,'清河门区'),(210911,210900,'细河区'),(210921,210900,'阜新蒙古族自治县'),(210922,210900,'彰武县'),(211001,211000,'市辖区'),(211002,211000,'白塔区'),(211003,211000,'文圣区'),(211004,211000,'宏伟区'),(211005,211000,'弓长岭区'),(211011,211000,'太子河区'),(211021,211000,'辽阳县'),(211081,211000,'灯塔市'),(211101,211100,'市辖区'),(211102,211100,'双台子区'),(211103,211100,'兴隆台区'),(211121,211100,'大洼县'),(211122,211100,'盘山县'),(211201,211200,'市辖区'),(211202,211200,'银州区'),(211204,211200,'清河区'),(211221,211200,'铁岭县'),(211223,211200,'西丰县'),(211224,211200,'昌图县'),(211281,211200,'调兵山市'),(211282,211200,'开原市'),(211301,211300,'市辖区'),(211302,211300,'双塔区'),(211303,211300,'龙城区'),(211321,211300,'朝阳县'),(211322,211300,'建平县'),(211324,211300,'喀喇沁左翼蒙古族自治县'),(211381,211300,'北票市'),(211382,211300,'凌源市'),(211401,211400,'市辖区'),(211402,211400,'连山区'),(211403,211400,'龙港区'),(211404,211400,'南票区'),(211421,211400,'绥中县'),(211422,211400,'建昌县'),(211481,211400,'兴城市'),(220101,220100,'市辖区'),(220102,220100,'南关区'),(220103,220100,'宽城区'),(220104,220100,'朝阳区'),(220105,220100,'二道区'),(220106,220100,'绿园区'),(220112,220100,'双阳区'),(220122,220100,'农安县'),(220181,220100,'九台市'),(220182,220100,'榆树市'),(220183,220100,'德惠市'),(220201,220200,'市辖区'),(220202,220200,'昌邑区'),(220203,220200,'龙潭区'),(220204,220200,'船营区'),(220211,220200,'丰满区'),(220221,220200,'永吉县'),(220281,220200,'蛟河市'),(220282,220200,'桦甸市'),(220283,220200,'舒兰市'),(220284,220200,'磐石市'),(220301,220300,'市辖区'),(220302,220300,'铁西区'),(220303,220300,'铁东区'),(220322,220300,'梨树县'),(220323,220300,'伊通满族自治县'),(220381,220300,'公主岭市'),(220382,220300,'双辽市'),(220401,220400,'市辖区'),(220402,220400,'龙山区'),(220403,220400,'西安区'),(220421,220400,'东丰县'),(220422,220400,'东辽县'),(220501,220500,'市辖区'),(220502,220500,'东昌区'),(220503,220500,'二道江区'),(220521,220500,'通化县'),(220523,220500,'辉南县'),(220524,220500,'柳河县'),(220581,220500,'梅河口市'),(220582,220500,'集安市'),(220601,220600,'市辖区'),(220602,220600,'八道江区'),(220604,220600,'江源区'),(220621,220600,'抚松县'),(220622,220600,'靖宇县'),(220623,220600,'长白朝鲜族自治县'),(220681,220600,'临江市'),(220701,220700,'市辖区'),(220702,220700,'宁江区'),(220721,220700,'前郭尔罗斯蒙古族自治县'),(220722,220700,'长岭县'),(220723,220700,'乾安县'),(220724,220700,'扶余县'),(220801,220800,'市辖区'),(220802,220800,'洮北区'),(220821,220800,'镇赉县'),(220822,220800,'通榆县'),(220881,220800,'洮南市'),(220882,220800,'大安市'),(222401,222400,'延吉市'),(222402,222400,'图们市'),(222403,222400,'敦化市'),(222404,222400,'珲春市'),(222405,222400,'龙井市'),(222406,222400,'和龙市'),(222424,222400,'汪清县'),(222426,222400,'安图县'),(230101,230100,'市辖区'),(230102,230100,'道里区'),(230103,230100,'南岗区'),(230104,230100,'道外区'),(230108,230100,'平房区'),(230109,230100,'松北区'),(230110,230100,'香坊区'),(230111,230100,'呼兰区'),(230112,230100,'阿城区'),(230123,230100,'依兰县'),(230124,230100,'方正县'),(230125,230100,'宾县'),(230126,230100,'巴彦县'),(230127,230100,'木兰县'),(230128,230100,'通河县'),(230129,230100,'延寿县'),(230182,230100,'双城市'),(230183,230100,'尚志市'),(230184,230100,'五常市'),(230201,230200,'市辖区'),(230202,230200,'龙沙区'),(230203,230200,'建华区'),(230204,230200,'铁锋区'),(230205,230200,'昂昂溪区'),(230206,230200,'富拉尔基区'),(230207,230200,'碾子山区'),(230208,230200,'梅里斯达斡尔族区'),(230221,230200,'龙江县'),(230223,230200,'依安县'),(230224,230200,'泰来县'),(230225,230200,'甘南县'),(230227,230200,'富裕县'),(230229,230200,'克山县'),(230230,230200,'克东县'),(230231,230200,'拜泉县'),(230281,230200,'讷河市'),(230301,230300,'市辖区'),(230302,230300,'鸡冠区'),(230303,230300,'恒山区'),(230304,230300,'滴道区'),(230305,230300,'梨树区'),(230306,230300,'城子河区'),(230307,230300,'麻山区'),(230321,230300,'鸡东县'),(230381,230300,'虎林市'),(230382,230300,'密山市'),(230401,230400,'市辖区'),(230402,230400,'向阳区'),(230403,230400,'工农区'),(230404,230400,'南山区'),(230405,230400,'兴安区'),(230406,230400,'东山区'),(230407,230400,'兴山区'),(230421,230400,'萝北县'),(230422,230400,'绥滨县'),(230501,230500,'市辖区'),(230502,230500,'尖山区'),(230503,230500,'岭东区'),(230505,230500,'四方台区'),(230506,230500,'宝山区'),(230521,230500,'集贤县'),(230522,230500,'友谊县'),(230523,230500,'宝清县'),(230524,230500,'饶河县'),(230601,230600,'市辖区'),(230602,230600,'萨尔图区'),(230603,230600,'龙凤区'),(230604,230600,'让胡路区'),(230605,230600,'红岗区'),(230606,230600,'大同区'),(230621,230600,'肇州县'),(230622,230600,'肇源县'),(230623,230600,'林甸县'),(230624,230600,'杜尔伯特蒙古族自治县'),(230701,230700,'市辖区'),(230702,230700,'伊春区'),(230703,230700,'南岔区'),(230704,230700,'友好区'),(230705,230700,'西林区'),(230706,230700,'翠峦区'),(230707,230700,'新青区'),(230708,230700,'美溪区'),(230709,230700,'金山屯区'),(230710,230700,'五营区'),(230711,230700,'乌马河区'),(230712,230700,'汤旺河区'),(230713,230700,'带岭区'),(230714,230700,'乌伊岭区'),(230715,230700,'红星区'),(230716,230700,'上甘岭区'),(230722,230700,'嘉荫县'),(230781,230700,'铁力市'),(230801,230800,'市辖区'),(230803,230800,'向阳区'),(230804,230800,'前进区'),(230805,230800,'东风区'),(230811,230800,'郊区'),(230822,230800,'桦南县'),(230826,230800,'桦川县'),(230828,230800,'汤原县'),(230833,230800,'抚远县'),(230881,230800,'同江市'),(230882,230800,'富锦市'),(230901,230900,'市辖区'),(230902,230900,'新兴区'),(230903,230900,'桃山区'),(230904,230900,'茄子河区'),(230921,230900,'勃利县'),(231001,231000,'市辖区'),(231002,231000,'东安区'),(231003,231000,'阳明区'),(231004,231000,'爱民区'),(231005,231000,'西安区'),(231024,231000,'东宁县'),(231025,231000,'林口县'),(231081,231000,'绥芬河市'),(231083,231000,'海林市'),(231084,231000,'宁安市'),(231085,231000,'穆棱市'),(231101,231100,'市辖区'),(231102,231100,'爱辉区'),(231121,231100,'嫩江县'),(231123,231100,'逊克县'),(231124,231100,'孙吴县'),(231181,231100,'北安市'),(231182,231100,'五大连池市'),(231201,231200,'市辖区'),(231202,231200,'北林区'),(231221,231200,'望奎县'),(231222,231200,'兰西县'),(231223,231200,'青冈县'),(231224,231200,'庆安县'),(231225,231200,'明水县'),(231226,231200,'绥棱县'),(231281,231200,'安达市'),(231282,231200,'肇东市'),(231283,231200,'海伦市'),(232701,232700,'加格达奇区'),(232702,232700,'松岭区'),(232703,232700,'新林区'),(232704,232700,'呼中区'),(232721,232700,'呼玛县'),(232722,232700,'塔河县'),(232723,232700,'漠河县'),(310101,310100,'黄浦区'),(310103,310100,'卢湾区'),(310104,310100,'徐汇区'),(310105,310100,'长宁区'),(310106,310100,'静安区'),(310107,310100,'普陀区'),(310108,310100,'闸北区'),(310109,310100,'虹口区'),(310110,310100,'杨浦区'),(310112,310100,'闵行区'),(310113,310100,'宝山区'),(310114,310100,'嘉定区'),(310115,310100,'浦东新区'),(310116,310100,'金山区'),(310117,310100,'松江区'),(310118,310100,'青浦区'),(310119,310100,'南汇区'),(310120,310100,'奉贤区'),(310230,310200,'崇明县'),(320101,320100,'市辖区'),(320102,320100,'玄武区'),(320103,320100,'白下区'),(320104,320100,'秦淮区'),(320105,320100,'建邺区'),(320106,320100,'鼓楼区'),(320107,320100,'下关区'),(320111,320100,'浦口区'),(320113,320100,'栖霞区'),(320114,320100,'雨花台区'),(320115,320100,'江宁区'),(320116,320100,'六合区'),(320124,320100,'溧水县'),(320125,320100,'高淳县'),(320201,320200,'市辖区'),(320202,320200,'崇安区'),(320203,320200,'南长区'),(320204,320200,'北塘区'),(320205,320200,'锡山区'),(320206,320200,'惠山区'),(320211,320200,'滨湖区'),(320281,320200,'江阴市'),(320282,320200,'宜兴市'),(320301,320300,'市辖区'),(320302,320300,'鼓楼区'),(320303,320300,'云龙区'),(320304,320300,'九里区'),(320305,320300,'贾汪区'),(320311,320300,'泉山区'),(320321,320300,'丰县'),(320322,320300,'沛县'),(320323,320300,'铜山县'),(320324,320300,'睢宁县'),(320381,320300,'新沂市'),(320382,320300,'邳州市'),(320401,320400,'市辖区'),(320402,320400,'天宁区'),(320404,320400,'钟楼区'),(320405,320400,'戚墅堰区'),(320411,320400,'新北区'),(320412,320400,'武进区'),(320481,320400,'溧阳市'),(320482,320400,'金坛市'),(320501,320500,'市辖区'),(320502,320500,'沧浪区'),(320503,320500,'平江区'),(320504,320500,'金阊区'),(320505,320500,'虎丘区'),(320506,320500,'吴中区'),(320507,320500,'相城区'),(320581,320500,'常熟市'),(320582,320500,'张家港市'),(320583,320500,'昆山市'),(320584,320500,'吴江市'),(320585,320500,'太仓市'),(320601,320600,'市辖区'),(320602,320600,'崇川区'),(320611,320600,'港闸区'),(320621,320600,'海安县'),(320623,320600,'如东县'),(320681,320600,'启东市'),(320682,320600,'如皋市'),(320683,320600,'通州市'),(320684,320600,'海门市'),(320701,320700,'市辖区'),(320703,320700,'连云区'),(320705,320700,'新浦区'),(320706,320700,'海州区'),(320721,320700,'赣榆县'),(320722,320700,'东海县'),(320723,320700,'灌云县'),(320724,320700,'灌南县'),(320801,320800,'市辖区'),(320802,320800,'清河区'),(320803,320800,'楚州区'),(320804,320800,'淮阴区'),(320811,320800,'清浦区'),(320826,320800,'涟水县'),(320829,320800,'洪泽县'),(320830,320800,'盱眙县'),(320831,320800,'金湖县'),(320901,320900,'市辖区'),(320902,320900,'亭湖区'),(320903,320900,'盐都区'),(320921,320900,'响水县'),(320922,320900,'滨海县'),(320923,320900,'阜宁县'),(320924,320900,'射阳县'),(320925,320900,'建湖县'),(320981,320900,'东台市'),(320982,320900,'大丰市'),(321001,321000,'市辖区'),(321002,321000,'广陵区'),(321003,321000,'邗江区'),(321011,321000,'维扬区'),(321023,321000,'宝应县'),(321081,321000,'仪征市'),(321084,321000,'高邮市'),(321088,321000,'江都市'),(321101,321100,'市辖区'),(321102,321100,'京口区'),(321111,321100,'润州区'),(321112,321100,'丹徒区'),(321181,321100,'丹阳市'),(321182,321100,'扬中市'),(321183,321100,'句容市'),(321201,321200,'市辖区'),(321202,321200,'海陵区'),(321203,321200,'高港区'),(321281,321200,'兴化市'),(321282,321200,'靖江市'),(321283,321200,'泰兴市'),(321284,321200,'姜堰市'),(321301,321300,'市辖区'),(321302,321300,'宿城区'),(321311,321300,'宿豫区'),(321322,321300,'沭阳县'),(321323,321300,'泗阳县'),(321324,321300,'泗洪县'),(330101,330100,'市辖区'),(330102,330100,'上城区'),(330103,330100,'下城区'),(330104,330100,'江干区'),(330105,330100,'拱墅区'),(330106,330100,'西湖区'),(330108,330100,'滨江区'),(330109,330100,'萧山区'),(330110,330100,'余杭区'),(330122,330100,'桐庐县'),(330127,330100,'淳安县'),(330182,330100,'建德市'),(330183,330100,'富阳市'),(330185,330100,'临安市'),(330201,330200,'市辖区'),(330203,330200,'海曙区'),(330204,330200,'江东区'),(330205,330200,'江北区'),(330206,330200,'北仑区'),(330211,330200,'镇海区'),(330212,330200,'鄞州区'),(330225,330200,'象山县'),(330226,330200,'宁海县'),(330281,330200,'余姚市'),(330282,330200,'慈溪市'),(330283,330200,'奉化市'),(330301,330300,'市辖区'),(330302,330300,'鹿城区'),(330303,330300,'龙湾区'),(330304,330300,'瓯海区'),(330322,330300,'洞头县'),(330324,330300,'永嘉县'),(330326,330300,'平阳县'),(330327,330300,'苍南县'),(330328,330300,'文成县'),(330329,330300,'泰顺县'),(330381,330300,'瑞安市'),(330382,330300,'乐清市'),(330401,330400,'市辖区'),(330402,330400,'秀城区'),(330411,330400,'秀洲区'),(330421,330400,'嘉善县'),(330424,330400,'海盐县'),(330481,330400,'海宁市'),(330482,330400,'平湖市'),(330483,330400,'桐乡市'),(330501,330500,'市辖区'),(330502,330500,'吴兴区'),(330503,330500,'南浔区'),(330521,330500,'德清县'),(330522,330500,'长兴县'),(330523,330500,'安吉县'),(330601,330600,'市辖区'),(330602,330600,'越城区'),(330621,330600,'绍兴县'),(330624,330600,'新昌县'),(330681,330600,'诸暨市'),(330682,330600,'上虞市'),(330683,330600,'嵊州市'),(330701,330700,'市辖区'),(330702,330700,'婺城区'),(330703,330700,'金东区'),(330723,330700,'武义县'),(330726,330700,'浦江县'),(330727,330700,'磐安县'),(330781,330700,'兰溪市'),(330782,330700,'义乌市'),(330783,330700,'东阳市'),(330784,330700,'永康市'),(330801,330800,'市辖区'),(330802,330800,'柯城区'),(330803,330800,'衢江区'),(330822,330800,'常山县'),(330824,330800,'开化县'),(330825,330800,'龙游县'),(330881,330800,'江山市'),(330901,330900,'市辖区'),(330902,330900,'定海区'),(330903,330900,'普陀区'),(330921,330900,'岱山县'),(330922,330900,'嵊泗县'),(331001,331000,'市辖区'),(331002,331000,'椒江区'),(331003,331000,'黄岩区'),(331004,331000,'路桥区'),(331021,331000,'玉环县'),(331022,331000,'三门县'),(331023,331000,'天台县'),(331024,331000,'仙居县'),(331081,331000,'温岭市'),(331082,331000,'临海市'),(331101,331100,'市辖区'),(331102,331100,'莲都区'),(331121,331100,'青田县'),(331122,331100,'缙云县'),(331123,331100,'遂昌县'),(331124,331100,'松阳县'),(331125,331100,'云和县'),(331126,331100,'庆元县'),(331127,331100,'景宁畲族自治县'),(331181,331100,'龙泉市'),(340101,340100,'市辖区'),(340102,340100,'瑶海区'),(340103,340100,'庐阳区'),(340104,340100,'蜀山区'),(340111,340100,'包河区'),(340121,340100,'长丰县'),(340122,340100,'肥东县'),(340123,340100,'肥西县'),(340201,340200,'市辖区'),(340202,340200,'镜湖区'),(340203,340200,'弋江区'),(340207,340200,'鸠江区'),(340208,340200,'三山区'),(340221,340200,'芜湖县'),(340222,340200,'繁昌县'),(340223,340200,'南陵县'),(340301,340300,'市辖区'),(340302,340300,'龙子湖区'),(340303,340300,'蚌山区'),(340304,340300,'禹会区'),(340311,340300,'淮上区'),(340321,340300,'怀远县'),(340322,340300,'五河县'),(340323,340300,'固镇县'),(340401,340400,'市辖区'),(340402,340400,'大通区'),(340403,340400,'田家庵区'),(340404,340400,'谢家集区'),(340405,340400,'八公山区'),(340406,340400,'潘集区'),(340421,340400,'凤台县'),(340501,340500,'市辖区'),(340502,340500,'金家庄区'),(340503,340500,'花山区'),(340504,340500,'雨山区'),(340521,340500,'当涂县'),(340601,340600,'市辖区'),(340602,340600,'杜集区'),(340603,340600,'相山区'),(340604,340600,'烈山区'),(340621,340600,'濉溪县'),(340701,340700,'市辖区'),(340702,340700,'铜官山区'),(340703,340700,'狮子山区'),(340711,340700,'郊区'),(340721,340700,'铜陵县'),(340801,340800,'市辖区'),(340802,340800,'迎江区'),(340803,340800,'大观区'),(340811,340800,'宜秀区'),(340822,340800,'怀宁县'),(340823,340800,'枞阳县'),(340824,340800,'潜山县'),(340825,340800,'太湖县'),(340826,340800,'宿松县'),(340827,340800,'望江县'),(340828,340800,'岳西县'),(340881,340800,'桐城市'),(341001,341000,'市辖区'),(341002,341000,'屯溪区'),(341003,341000,'黄山区'),(341004,341000,'徽州区'),(341021,341000,'歙县'),(341022,341000,'休宁县'),(341023,341000,'黟县'),(341024,341000,'祁门县'),(341101,341100,'市辖区'),(341102,341100,'琅琊区'),(341103,341100,'南谯区'),(341122,341100,'来安县'),(341124,341100,'全椒县'),(341125,341100,'定远县'),(341126,341100,'凤阳县'),(341181,341100,'天长市'),(341182,341100,'明光市'),(341201,341200,'市辖区'),(341202,341200,'颍州区'),(341203,341200,'颍东区'),(341204,341200,'颍泉区'),(341221,341200,'临泉县'),(341222,341200,'太和县'),(341225,341200,'阜南县'),(341226,341200,'颍上县'),(341282,341200,'界首市'),(341301,341300,'市辖区'),(341302,341300,'埇桥区'),(341321,341300,'砀山县'),(341322,341300,'萧县'),(341323,341300,'灵璧县'),(341324,341300,'泗县'),(341401,341400,'市辖区'),(341402,341400,'居巢区'),(341421,341400,'庐江县'),(341422,341400,'无为县'),(341423,341400,'含山县'),(341424,341400,'和县'),(341501,341500,'市辖区'),(341502,341500,'金安区'),(341503,341500,'裕安区'),(341521,341500,'寿县'),(341522,341500,'霍邱县'),(341523,341500,'舒城县'),(341524,341500,'金寨县'),(341525,341500,'霍山县'),(341601,341600,'市辖区'),(341602,341600,'谯城区'),(341621,341600,'涡阳县'),(341622,341600,'蒙城县'),(341623,341600,'利辛县'),(341701,341700,'市辖区'),(341702,341700,'贵池区'),(341721,341700,'东至县'),(341722,341700,'石台县'),(341723,341700,'青阳县'),(341801,341800,'市辖区'),(341802,341800,'宣州区'),(341821,341800,'郎溪县'),(341822,341800,'广德县'),(341823,341800,'泾县'),(341824,341800,'绩溪县'),(341825,341800,'旌德县'),(341881,341800,'宁国市'),(350101,350100,'市辖区'),(350102,350100,'鼓楼区'),(350103,350100,'台江区'),(350104,350100,'仓山区'),(350105,350100,'马尾区'),(350111,350100,'晋安区'),(350121,350100,'闽侯县'),(350122,350100,'连江县'),(350123,350100,'罗源县'),(350124,350100,'闽清县'),(350125,350100,'永泰县'),(350128,350100,'平潭县'),(350181,350100,'福清市'),(350182,350100,'长乐市'),(350201,350200,'市辖区'),(350203,350200,'思明区'),(350205,350200,'海沧区'),(350206,350200,'湖里区'),(350211,350200,'集美区'),(350212,350200,'同安区'),(350213,350200,'翔安区'),(350301,350300,'市辖区'),(350302,350300,'城厢区'),(350303,350300,'涵江区'),(350304,350300,'荔城区'),(350305,350300,'秀屿区'),(350322,350300,'仙游县'),(350401,350400,'市辖区'),(350402,350400,'梅列区'),(350403,350400,'三元区'),(350421,350400,'明溪县'),(350423,350400,'清流县'),(350424,350400,'宁化县'),(350425,350400,'大田县'),(350426,350400,'尤溪县'),(350427,350400,'沙县'),(350428,350400,'将乐县'),(350429,350400,'泰宁县'),(350430,350400,'建宁县'),(350481,350400,'永安市'),(350501,350500,'市辖区'),(350502,350500,'鲤城区'),(350503,350500,'丰泽区'),(350504,350500,'洛江区'),(350505,350500,'泉港区'),(350521,350500,'惠安县'),(350524,350500,'安溪县'),(350525,350500,'永春县'),(350526,350500,'德化县'),(350527,350500,'金门县'),(350581,350500,'石狮市'),(350582,350500,'晋江市'),(350583,350500,'南安市'),(350601,350600,'市辖区'),(350602,350600,'芗城区'),(350603,350600,'龙文区'),(350622,350600,'云霄县'),(350623,350600,'漳浦县'),(350624,350600,'诏安县'),(350625,350600,'长泰县'),(350626,350600,'东山县'),(350627,350600,'南靖县'),(350628,350600,'平和县'),(350629,350600,'华安县'),(350681,350600,'龙海市'),(350701,350700,'市辖区'),(350702,350700,'延平区'),(350721,350700,'顺昌县'),(350722,350700,'浦城县'),(350723,350700,'光泽县'),(350724,350700,'松溪县'),(350725,350700,'政和县'),(350781,350700,'邵武市'),(350782,350700,'武夷山市'),(350783,350700,'建瓯市'),(350784,350700,'建阳市'),(350801,350800,'市辖区'),(350802,350800,'新罗区'),(350821,350800,'长汀县'),(350822,350800,'永定县'),(350823,350800,'上杭县'),(350824,350800,'武平县'),(350825,350800,'连城县'),(350881,350800,'漳平市'),(350901,350900,'市辖区'),(350902,350900,'蕉城区'),(350921,350900,'霞浦县'),(350922,350900,'古田县'),(350923,350900,'屏南县'),(350924,350900,'寿宁县'),(350925,350900,'周宁县'),(350926,350900,'柘荣县'),(350981,350900,'福安市'),(350982,350900,'福鼎市'),(360101,360100,'市辖区'),(360102,360100,'东湖区'),(360103,360100,'西湖区'),(360104,360100,'青云谱区'),(360105,360100,'湾里区'),(360111,360100,'青山湖区'),(360121,360100,'南昌县'),(360122,360100,'新建县'),(360123,360100,'安义县'),(360124,360100,'进贤县'),(360201,360200,'市辖区'),(360202,360200,'昌江区'),(360203,360200,'珠山区'),(360222,360200,'浮梁县'),(360281,360200,'乐平市'),(360301,360300,'市辖区'),(360302,360300,'安源区'),(360313,360300,'湘东区'),(360321,360300,'莲花县'),(360322,360300,'上栗县'),(360323,360300,'芦溪县'),(360401,360400,'市辖区'),(360402,360400,'庐山区'),(360403,360400,'浔阳区'),(360421,360400,'九江县'),(360423,360400,'武宁县'),(360424,360400,'修水县'),(360425,360400,'永修县'),(360426,360400,'德安县'),(360427,360400,'星子县'),(360428,360400,'都昌县'),(360429,360400,'湖口县'),(360430,360400,'彭泽县'),(360481,360400,'瑞昌市'),(360501,360500,'市辖区'),(360502,360500,'渝水区'),(360521,360500,'分宜县'),(360601,360600,'市辖区'),(360602,360600,'月湖区'),(360622,360600,'余江县'),(360681,360600,'贵溪市'),(360701,360700,'市辖区'),(360702,360700,'章贡区'),(360721,360700,'赣县'),(360722,360700,'信丰县'),(360723,360700,'大余县'),(360724,360700,'上犹县'),(360725,360700,'崇义县'),(360726,360700,'安远县'),(360727,360700,'龙南县'),(360728,360700,'定南县'),(360729,360700,'全南县'),(360730,360700,'宁都县'),(360731,360700,'于都县'),(360732,360700,'兴国县'),(360733,360700,'会昌县'),(360734,360700,'寻乌县'),(360735,360700,'石城县'),(360781,360700,'瑞金市'),(360782,360700,'南康市'),(360801,360800,'市辖区'),(360802,360800,'吉州区'),(360803,360800,'青原区'),(360821,360800,'吉安县'),(360822,360800,'吉水县'),(360823,360800,'峡江县'),(360824,360800,'新干县'),(360825,360800,'永丰县'),(360826,360800,'泰和县'),(360827,360800,'遂川县'),(360828,360800,'万安县'),(360829,360800,'安福县'),(360830,360800,'永新县'),(360881,360800,'井冈山市'),(360901,360900,'市辖区'),(360902,360900,'袁州区'),(360921,360900,'奉新县'),(360922,360900,'万载县'),(360923,360900,'上高县'),(360924,360900,'宜丰县'),(360925,360900,'靖安县'),(360926,360900,'铜鼓县'),(360981,360900,'丰城市'),(360982,360900,'樟树市'),(360983,360900,'高安市'),(361001,361000,'市辖区'),(361002,361000,'临川区'),(361021,361000,'南城县'),(361022,361000,'黎川县'),(361023,361000,'南丰县'),(361024,361000,'崇仁县'),(361025,361000,'乐安县'),(361026,361000,'宜黄县'),(361027,361000,'金溪县'),(361028,361000,'资溪县'),(361029,361000,'东乡县'),(361030,361000,'广昌县'),(361101,361100,'市辖区'),(361102,361100,'信州区'),(361121,361100,'上饶县'),(361122,361100,'广丰县'),(361123,361100,'玉山县'),(361124,361100,'铅山县'),(361125,361100,'横峰县'),(361126,361100,'弋阳县'),(361127,361100,'余干县'),(361128,361100,'鄱阳县'),(361129,361100,'万年县'),(361130,361100,'婺源县'),(361181,361100,'德兴市'),(370101,370100,'市辖区'),(370102,370100,'历下区'),(370103,370100,'市中区'),(370104,370100,'槐荫区'),(370105,370100,'天桥区'),(370112,370100,'历城区'),(370113,370100,'长清区'),(370124,370100,'平阴县'),(370125,370100,'济阳县'),(370126,370100,'商河县'),(370181,370100,'章丘市'),(370201,370200,'市辖区'),(370202,370200,'市南区'),(370203,370200,'市北区'),(370205,370200,'四方区'),(370211,370200,'黄岛区'),(370212,370200,'崂山区'),(370213,370200,'李沧区'),(370214,370200,'城阳区'),(370281,370200,'胶州市'),(370282,370200,'即墨市'),(370283,370200,'平度市'),(370284,370200,'胶南市'),(370285,370200,'莱西市'),(370301,370300,'市辖区'),(370302,370300,'淄川区'),(370303,370300,'张店区'),(370304,370300,'博山区'),(370305,370300,'临淄区'),(370306,370300,'周村区'),(370321,370300,'桓台县'),(370322,370300,'高青县'),(370323,370300,'沂源县'),(370401,370400,'市辖区'),(370402,370400,'市中区'),(370403,370400,'薛城区'),(370404,370400,'峄城区'),(370405,370400,'台儿庄区'),(370406,370400,'山亭区'),(370481,370400,'滕州市'),(370501,370500,'市辖区'),(370502,370500,'东营区'),(370503,370500,'河口区'),(370521,370500,'垦利县'),(370522,370500,'利津县'),(370523,370500,'广饶县'),(370601,370600,'市辖区'),(370602,370600,'芝罘区'),(370611,370600,'福山区'),(370612,370600,'牟平区'),(370613,370600,'莱山区'),(370634,370600,'长岛县'),(370681,370600,'龙口市'),(370682,370600,'莱阳市'),(370683,370600,'莱州市'),(370684,370600,'蓬莱市'),(370685,370600,'招远市'),(370686,370600,'栖霞市'),(370687,370600,'海阳市'),(370701,370700,'市辖区'),(370702,370700,'潍城区'),(370703,370700,'寒亭区'),(370704,370700,'坊子区'),(370705,370700,'奎文区'),(370724,370700,'临朐县'),(370725,370700,'昌乐县'),(370781,370700,'青州市'),(370782,370700,'诸城市'),(370783,370700,'寿光市'),(370784,370700,'安丘市'),(370785,370700,'高密市'),(370786,370700,'昌邑市'),(370801,370800,'市辖区'),(370802,370800,'市中区'),(370811,370800,'任城区'),(370826,370800,'微山县'),(370827,370800,'鱼台县'),(370828,370800,'金乡县'),(370829,370800,'嘉祥县'),(370830,370800,'汶上县'),(370831,370800,'泗水县'),(370832,370800,'梁山县'),(370881,370800,'曲阜市'),(370882,370800,'兖州市'),(370883,370800,'邹城市'),(370901,370900,'市辖区'),(370902,370900,'泰山区'),(370903,370900,'岱岳区'),(370921,370900,'宁阳县'),(370923,370900,'东平县'),(370982,370900,'新泰市'),(370983,370900,'肥城市'),(371001,371000,'市辖区'),(371002,371000,'环翠区'),(371081,371000,'文登市'),(371082,371000,'荣成市'),(371083,371000,'乳山市'),(371101,371100,'市辖区'),(371102,371100,'东港区'),(371103,371100,'岚山区'),(371121,371100,'五莲县'),(371122,371100,'莒县'),(371201,371200,'市辖区'),(371202,371200,'莱城区'),(371203,371200,'钢城区'),(371301,371300,'市辖区'),(371302,371300,'兰山区'),(371311,371300,'罗庄区'),(371312,371300,'河东区'),(371321,371300,'沂南县'),(371322,371300,'郯城县'),(371323,371300,'沂水县'),(371324,371300,'苍山县'),(371325,371300,'费县'),(371326,371300,'平邑县'),(371327,371300,'莒南县'),(371328,371300,'蒙阴县'),(371329,371300,'临沭县'),(371401,371400,'市辖区'),(371402,371400,'德城区'),(371421,371400,'陵县'),(371422,371400,'宁津县'),(371423,371400,'庆云县'),(371424,371400,'临邑县'),(371425,371400,'齐河县'),(371426,371400,'平原县'),(371427,371400,'夏津县'),(371428,371400,'武城县'),(371481,371400,'乐陵市'),(371482,371400,'禹城市'),(371501,371500,'市辖区'),(371502,371500,'东昌府区'),(371521,371500,'阳谷县'),(371522,371500,'莘县'),(371523,371500,'茌平县'),(371524,371500,'东阿县'),(371525,371500,'冠县'),(371526,371500,'高唐县'),(371581,371500,'临清市'),(371601,371600,'市辖区'),(371602,371600,'滨城区'),(371621,371600,'惠民县'),(371622,371600,'阳信县'),(371623,371600,'无棣县'),(371624,371600,'沾化县'),(371625,371600,'博兴县'),(371626,371600,'邹平县'),(371701,371700,'市辖区'),(371702,371700,'牡丹区'),(371721,371700,'曹县'),(371722,371700,'单县'),(371723,371700,'成武县'),(371724,371700,'巨野县'),(371725,371700,'郓城县'),(371726,371700,'鄄城县'),(371727,371700,'定陶县'),(371728,371700,'东明县'),(410101,410100,'市辖区'),(410102,410100,'中原区'),(410103,410100,'二七区'),(410104,410100,'管城回族区'),(410105,410100,'金水区'),(410106,410100,'上街区'),(410108,410100,'惠济区'),(410122,410100,'中牟县'),(410181,410100,'巩义市'),(410182,410100,'荥阳市'),(410183,410100,'新密市'),(410184,410100,'新郑市'),(410185,410100,'登封市'),(410201,410200,'市辖区'),(410202,410200,'龙亭区'),(410203,410200,'顺河回族区'),(410204,410200,'鼓楼区'),(410205,410200,'禹王台区'),(410211,410200,'金明区'),(410221,410200,'杞县'),(410222,410200,'通许县'),(410223,410200,'尉氏县'),(410224,410200,'开封县'),(410225,410200,'兰考县'),(410301,410300,'市辖区'),(410302,410300,'老城区'),(410303,410300,'西工区'),(410304,410300,'廛河回族区'),(410305,410300,'涧西区'),(410306,410300,'吉利区'),(410307,410300,'洛龙区'),(410322,410300,'孟津县'),(410323,410300,'新安县'),(410324,410300,'栾川县'),(410325,410300,'嵩县'),(410326,410300,'汝阳县'),(410327,410300,'宜阳县'),(410328,410300,'洛宁县'),(410329,410300,'伊川县'),(410381,410300,'偃师市'),(410401,410400,'市辖区'),(410402,410400,'新华区'),(410403,410400,'卫东区'),(410404,410400,'石龙区'),(410411,410400,'湛河区'),(410421,410400,'宝丰县'),(410422,410400,'叶县'),(410423,410400,'鲁山县'),(410425,410400,'郏县'),(410481,410400,'舞钢市'),(410482,410400,'汝州市'),(410501,410500,'市辖区'),(410502,410500,'文峰区'),(410503,410500,'北关区'),(410505,410500,'殷都区'),(410506,410500,'龙安区'),(410522,410500,'安阳县'),(410523,410500,'汤阴县'),(410526,410500,'滑县'),(410527,410500,'内黄县'),(410581,410500,'林州市'),(410601,410600,'市辖区'),(410602,410600,'鹤山区'),(410603,410600,'山城区'),(410611,410600,'淇滨区'),(410621,410600,'浚县'),(410622,410600,'淇县'),(410701,410700,'市辖区'),(410702,410700,'红旗区'),(410703,410700,'卫滨区'),(410704,410700,'凤泉区'),(410711,410700,'牧野区'),(410721,410700,'新乡县'),(410724,410700,'获嘉县'),(410725,410700,'原阳县'),(410726,410700,'延津县'),(410727,410700,'封丘县'),(410728,410700,'长垣县'),(410781,410700,'卫辉市'),(410782,410700,'辉县市'),(410801,410800,'市辖区'),(410802,410800,'解放区'),(410803,410800,'中站区'),(410804,410800,'马村区'),(410811,410800,'山阳区'),(410821,410800,'修武县'),(410822,410800,'博爱县'),(410823,410800,'武陟县'),(410825,410800,'温县'),(410881,410800,'济源市'),(410882,410800,'沁阳市'),(410883,410800,'孟州市'),(410901,410900,'市辖区'),(410902,410900,'华龙区'),(410922,410900,'清丰县'),(410923,410900,'南乐县'),(410926,410900,'范县'),(410927,410900,'台前县'),(410928,410900,'濮阳县'),(411001,411000,'市辖区'),(411002,411000,'魏都区'),(411023,411000,'许昌县'),(411024,411000,'鄢陵县'),(411025,411000,'襄城县'),(411081,411000,'禹州市'),(411082,411000,'长葛市'),(411101,411100,'市辖区'),(411102,411100,'源汇区'),(411103,411100,'郾城区'),(411104,411100,'召陵区'),(411121,411100,'舞阳县'),(411122,411100,'临颍县'),(411201,411200,'市辖区'),(411202,411200,'湖滨区'),(411221,411200,'渑池县'),(411222,411200,'陕县'),(411224,411200,'卢氏县'),(411281,411200,'义马市'),(411282,411200,'灵宝市'),(411301,411300,'市辖区'),(411302,411300,'宛城区'),(411303,411300,'卧龙区'),(411321,411300,'南召县'),(411322,411300,'方城县'),(411323,411300,'西峡县'),(411324,411300,'镇平县'),(411325,411300,'内乡县'),(411326,411300,'淅川县'),(411327,411300,'社旗县'),(411328,411300,'唐河县'),(411329,411300,'新野县'),(411330,411300,'桐柏县'),(411381,411300,'邓州市'),(411401,411400,'市辖区'),(411402,411400,'梁园区'),(411403,411400,'睢阳区'),(411421,411400,'民权县'),(411422,411400,'睢县'),(411423,411400,'宁陵县'),(411424,411400,'柘城县'),(411425,411400,'虞城县'),(411426,411400,'夏邑县'),(411481,411400,'永城市'),(411501,411500,'市辖区'),(411502,411500,'浉河区'),(411503,411500,'平桥区'),(411521,411500,'罗山县'),(411522,411500,'光山县'),(411523,411500,'新县'),(411524,411500,'商城县'),(411525,411500,'固始县'),(411526,411500,'潢川县'),(411527,411500,'淮滨县'),(411528,411500,'息县'),(411601,411600,'市辖区'),(411602,411600,'川汇区'),(411621,411600,'扶沟县'),(411622,411600,'西华县'),(411623,411600,'商水县'),(411624,411600,'沈丘县'),(411625,411600,'郸城县'),(411626,411600,'淮阳县'),(411627,411600,'太康县'),(411628,411600,'鹿邑县'),(411681,411600,'项城市'),(411701,411700,'市辖区'),(411702,411700,'驿城区'),(411721,411700,'西平县'),(411722,411700,'上蔡县'),(411723,411700,'平舆县'),(411724,411700,'正阳县'),(411725,411700,'确山县'),(411726,411700,'泌阳县'),(411727,411700,'汝南县'),(411728,411700,'遂平县'),(411729,411700,'新蔡县'),(420101,420100,'市辖区'),(420102,420100,'江岸区'),(420103,420100,'江汉区'),(420104,420100,'硚口区'),(420105,420100,'汉阳区'),(420106,420100,'武昌区'),(420107,420100,'青山区'),(420111,420100,'洪山区'),(420112,420100,'东西湖区'),(420113,420100,'汉南区'),(420114,420100,'蔡甸区'),(420115,420100,'江夏区'),(420116,420100,'黄陂区'),(420117,420100,'新洲区'),(420201,420200,'市辖区'),(420202,420200,'黄石港区'),(420203,420200,'西塞山区'),(420204,420200,'下陆区'),(420205,420200,'铁山区'),(420222,420200,'阳新县'),(420281,420200,'大冶市'),(420301,420300,'市辖区'),(420302,420300,'茅箭区'),(420303,420300,'张湾区'),(420321,420300,'郧县'),(420322,420300,'郧西县'),(420323,420300,'竹山县'),(420324,420300,'竹溪县'),(420325,420300,'房县'),(420381,420300,'丹江口市'),(420501,420500,'市辖区'),(420502,420500,'西陵区'),(420503,420500,'伍家岗区'),(420504,420500,'点军区'),(420505,420500,'猇亭区'),(420506,420500,'夷陵区'),(420525,420500,'远安县'),(420526,420500,'兴山县'),(420527,420500,'秭归县'),(420528,420500,'长阳土家族自治县'),(420529,420500,'五峰土家族自治县'),(420581,420500,'宜都市'),(420582,420500,'当阳市'),(420583,420500,'枝江市'),(420601,420600,'市辖区'),(420602,420600,'襄城区'),(420606,420600,'樊城区'),(420607,420600,'襄阳区'),(420624,420600,'南漳县'),(420625,420600,'谷城县'),(420626,420600,'保康县'),(420682,420600,'老河口市'),(420683,420600,'枣阳市'),(420684,420600,'宜城市'),(420701,420700,'市辖区'),(420702,420700,'梁子湖区'),(420703,420700,'华容区'),(420704,420700,'鄂城区'),(420801,420800,'市辖区'),(420802,420800,'东宝区'),(420804,420800,'掇刀区'),(420821,420800,'京山县'),(420822,420800,'沙洋县'),(420881,420800,'钟祥市'),(420901,420900,'市辖区'),(420902,420900,'孝南区'),(420921,420900,'孝昌县'),(420922,420900,'大悟县'),(420923,420900,'云梦县'),(420981,420900,'应城市'),(420982,420900,'安陆市'),(420984,420900,'汉川市'),(421001,421000,'市辖区'),(421002,421000,'沙市区'),(421003,421000,'荆州区'),(421022,421000,'公安县'),(421023,421000,'监利县'),(421024,421000,'江陵县'),(421081,421000,'石首市'),(421083,421000,'洪湖市'),(421087,421000,'松滋市'),(421101,421100,'市辖区'),(421102,421100,'黄州区'),(421121,421100,'团风县'),(421122,421100,'红安县'),(421123,421100,'罗田县'),(421124,421100,'英山县'),(421125,421100,'浠水县'),(421126,421100,'蕲春县'),(421127,421100,'黄梅县'),(421181,421100,'麻城市'),(421182,421100,'武穴市'),(421201,421200,'市辖区'),(421202,421200,'咸安区'),(421221,421200,'嘉鱼县'),(421222,421200,'通城县'),(421223,421200,'崇阳县'),(421224,421200,'通山县'),(421281,421200,'赤壁市'),(421301,421300,'市辖区'),(421302,421300,'曾都区'),(421381,421300,'广水市'),(422801,422800,'恩施市'),(422802,422800,'利川市'),(422822,422800,'建始县'),(422823,422800,'巴东县'),(422825,422800,'宣恩县'),(422826,422800,'咸丰县'),(422827,422800,'来凤县'),(422828,422800,'鹤峰县'),(429004,429000,'仙桃市'),(429005,429000,'潜江市'),(429006,429000,'天门市'),(429021,429000,'神农架林区'),(430101,430100,'市辖区'),(430102,430100,'芙蓉区'),(430103,430100,'天心区'),(430104,430100,'岳麓区'),(430105,430100,'开福区'),(430111,430100,'雨花区'),(430121,430100,'长沙县'),(430122,430100,'望城县'),(430124,430100,'宁乡县'),(430181,430100,'浏阳市'),(430201,430200,'市辖区'),(430202,430200,'荷塘区'),(430203,430200,'芦淞区'),(430204,430200,'石峰区'),(430211,430200,'天元区'),(430221,430200,'株洲县'),(430223,430200,'攸县'),(430224,430200,'茶陵县'),(430225,430200,'炎陵县'),(430281,430200,'醴陵市'),(430301,430300,'市辖区'),(430302,430300,'雨湖区'),(430304,430300,'岳塘区'),(430321,430300,'湘潭县'),(430381,430300,'湘乡市'),(430382,430300,'韶山市'),(430401,430400,'市辖区'),(430405,430400,'珠晖区'),(430406,430400,'雁峰区'),(430407,430400,'石鼓区'),(430408,430400,'蒸湘区'),(430412,430400,'南岳区'),(430421,430400,'衡阳县'),(430422,430400,'衡南县'),(430423,430400,'衡山县'),(430424,430400,'衡东县'),(430426,430400,'祁东县'),(430481,430400,'耒阳市'),(430482,430400,'常宁市'),(430501,430500,'市辖区'),(430502,430500,'双清区'),(430503,430500,'大祥区'),(430511,430500,'北塔区'),(430521,430500,'邵东县'),(430522,430500,'新邵县'),(430523,430500,'邵阳县'),(430524,430500,'隆回县'),(430525,430500,'洞口县'),(430527,430500,'绥宁县'),(430528,430500,'新宁县'),(430529,430500,'城步苗族自治县'),(430581,430500,'武冈市'),(430601,430600,'市辖区'),(430602,430600,'岳阳楼区'),(430603,430600,'云溪区'),(430611,430600,'君山区'),(430621,430600,'岳阳县'),(430623,430600,'华容县'),(430624,430600,'湘阴县'),(430626,430600,'平江县'),(430681,430600,'汨罗市'),(430682,430600,'临湘市'),(430701,430700,'市辖区'),(430702,430700,'武陵区'),(430703,430700,'鼎城区'),(430721,430700,'安乡县'),(430722,430700,'汉寿县'),(430723,430700,'澧县'),(430724,430700,'临澧县'),(430725,430700,'桃源县'),(430726,430700,'石门县'),(430781,430700,'津市市'),(430801,430800,'市辖区'),(430802,430800,'永定区'),(430811,430800,'武陵源区'),(430821,430800,'慈利县'),(430822,430800,'桑植县'),(430901,430900,'市辖区'),(430902,430900,'资阳区'),(430903,430900,'赫山区'),(430921,430900,'南县'),(430922,430900,'桃江县'),(430923,430900,'安化县'),(430981,430900,'沅江市'),(431001,431000,'市辖区'),(431002,431000,'北湖区'),(431003,431000,'苏仙区'),(431021,431000,'桂阳县'),(431022,431000,'宜章县'),(431023,431000,'永兴县'),(431024,431000,'嘉禾县'),(431025,431000,'临武县'),(431026,431000,'汝城县'),(431027,431000,'桂东县'),(431028,431000,'安仁县'),(431081,431000,'资兴市'),(431101,431100,'市辖区'),(431102,431100,'零陵区'),(431103,431100,'冷水滩区'),(431121,431100,'祁阳县'),(431122,431100,'东安县'),(431123,431100,'双牌县'),(431124,431100,'道县'),(431125,431100,'江永县'),(431126,431100,'宁远县'),(431127,431100,'蓝山县'),(431128,431100,'新田县'),(431129,431100,'江华瑶族自治县'),(431201,431200,'市辖区'),(431202,431200,'鹤城区'),(431221,431200,'中方县'),(431222,431200,'沅陵县'),(431223,431200,'辰溪县'),(431224,431200,'溆浦县'),(431225,431200,'会同县'),(431226,431200,'麻阳苗族自治县'),(431227,431200,'新晃侗族自治县'),(431228,431200,'芷江侗族自治县'),(431229,431200,'靖州苗族侗族自治县'),(431230,431200,'通道侗族自治县'),(431281,431200,'洪江市'),(431301,431300,'市辖区'),(431302,431300,'娄星区'),(431321,431300,'双峰县'),(431322,431300,'新化县'),(431381,431300,'冷水江市'),(431382,431300,'涟源市'),(433101,433100,'吉首市'),(433122,433100,'泸溪县'),(433123,433100,'凤凰县'),(433124,433100,'花垣县'),(433125,433100,'保靖县'),(433126,433100,'古丈县'),(433127,433100,'永顺县'),(433130,433100,'龙山县'),(440101,440100,'市辖区'),(440103,440100,'荔湾区'),(440104,440100,'越秀区'),(440105,440100,'海珠区'),(440106,440100,'天河区'),(440111,440100,'白云区'),(440112,440100,'黄埔区'),(440113,440100,'番禺区'),(440114,440100,'花都区'),(440115,440100,'南沙区'),(440116,440100,'萝岗区'),(440183,440100,'增城市'),(440184,440100,'从化市'),(440201,440200,'市辖区'),(440203,440200,'武江区'),(440204,440200,'浈江区'),(440205,440200,'曲江区'),(440222,440200,'始兴县'),(440224,440200,'仁化县'),(440229,440200,'翁源县'),(440232,440200,'乳源瑶族自治县'),(440233,440200,'新丰县'),(440281,440200,'乐昌市'),(440282,440200,'南雄市'),(440301,440300,'市辖区'),(440303,440300,'罗湖区'),(440304,440300,'福田区'),(440305,440300,'南山区'),(440306,440300,'宝安区'),(440307,440300,'龙岗区'),(440308,440300,'盐田区'),(440401,440400,'市辖区'),(440402,440400,'香洲区'),(440403,440400,'斗门区'),(440404,440400,'金湾区'),(440501,440500,'市辖区'),(440507,440500,'龙湖区'),(440511,440500,'金平区'),(440512,440500,'濠江区'),(440513,440500,'潮阳区'),(440514,440500,'潮南区'),(440515,440500,'澄海区'),(440523,440500,'南澳县'),(440601,440600,'市辖区'),(440604,440600,'禅城区'),(440605,440600,'南海区'),(440606,440600,'顺德区'),(440607,440600,'三水区'),(440608,440600,'高明区'),(440701,440700,'市辖区'),(440703,440700,'蓬江区'),(440704,440700,'江海区'),(440705,440700,'新会区'),(440781,440700,'台山市'),(440783,440700,'开平市'),(440784,440700,'鹤山市'),(440785,440700,'恩平市'),(440801,440800,'市辖区'),(440802,440800,'赤坎区'),(440803,440800,'霞山区'),(440804,440800,'坡头区'),(440811,440800,'麻章区'),(440823,440800,'遂溪县'),(440825,440800,'徐闻县'),(440881,440800,'廉江市'),(440882,440800,'雷州市'),(440883,440800,'吴川市'),(440901,440900,'市辖区'),(440902,440900,'茂南区'),(440903,440900,'茂港区'),(440923,440900,'电白县'),(440981,440900,'高州市'),(440982,440900,'化州市'),(440983,440900,'信宜市'),(441201,441200,'市辖区'),(441202,441200,'端州区'),(441203,441200,'鼎湖区'),(441223,441200,'广宁县'),(441224,441200,'怀集县'),(441225,441200,'封开县'),(441226,441200,'德庆县'),(441283,441200,'高要市'),(441284,441200,'四会市'),(441301,441300,'市辖区'),(441302,441300,'惠城区'),(441303,441300,'惠阳区'),(441322,441300,'博罗县'),(441323,441300,'惠东县'),(441324,441300,'龙门县'),(441401,441400,'市辖区'),(441402,441400,'梅江区'),(441421,441400,'梅县'),(441422,441400,'大埔县'),(441423,441400,'丰顺县'),(441424,441400,'五华县'),(441426,441400,'平远县'),(441427,441400,'蕉岭县'),(441481,441400,'兴宁市'),(441501,441500,'市辖区'),(441502,441500,'城区'),(441521,441500,'海丰县'),(441523,441500,'陆河县'),(441581,441500,'陆丰市'),(441601,441600,'市辖区'),(441602,441600,'源城区'),(441621,441600,'紫金县'),(441622,441600,'龙川县'),(441623,441600,'连平县'),(441624,441600,'和平县'),(441625,441600,'东源县'),(441701,441700,'市辖区'),(441702,441700,'江城区'),(441721,441700,'阳西县'),(441723,441700,'阳东县'),(441781,441700,'阳春市'),(441801,441800,'市辖区'),(441802,441800,'清城区'),(441821,441800,'佛冈县'),(441823,441800,'阳山县'),(441825,441800,'连山壮族瑶族自治县'),(441826,441800,'连南瑶族自治县'),(441827,441800,'清新县'),(441881,441800,'英德市'),(441882,441800,'连州市'),(441901,441900,'东莞市市辖区'),(442001,442000,'中山市市辖区'),(445101,445100,'市辖区'),(445102,445100,'湘桥区'),(445121,445100,'潮安县'),(445122,445100,'饶平县'),(445201,445200,'市辖区'),(445202,445200,'榕城区'),(445221,445200,'揭东县'),(445222,445200,'揭西县'),(445224,445200,'惠来县'),(445281,445200,'普宁市'),(445301,445300,'市辖区'),(445302,445300,'云城区'),(445321,445300,'新兴县'),(445322,445300,'郁南县'),(445323,445300,'云安县'),(445381,445300,'罗定市'),(450101,450100,'市辖区'),(450102,450100,'兴宁区'),(450103,450100,'青秀区'),(450105,450100,'江南区'),(450107,450100,'西乡塘区'),(450108,450100,'良庆区'),(450109,450100,'邕宁区'),(450122,450100,'武鸣县'),(450123,450100,'隆安县'),(450124,450100,'马山县'),(450125,450100,'上林县'),(450126,450100,'宾阳县'),(450127,450100,'横县'),(450201,450200,'市辖区'),(450202,450200,'城中区'),(450203,450200,'鱼峰区'),(450204,450200,'柳南区'),(450205,450200,'柳北区'),(450221,450200,'柳江县'),(450222,450200,'柳城县'),(450223,450200,'鹿寨县'),(450224,450200,'融安县'),(450225,450200,'融水苗族自治县'),(450226,450200,'三江侗族自治县'),(450301,450300,'市辖区'),(450302,450300,'秀峰区'),(450303,450300,'叠彩区'),(450304,450300,'象山区'),(450305,450300,'七星区'),(450311,450300,'雁山区'),(450321,450300,'阳朔县'),(450322,450300,'临桂县'),(450323,450300,'灵川县'),(450324,450300,'全州县'),(450325,450300,'兴安县'),(450326,450300,'永福县'),(450327,450300,'灌阳县'),(450328,450300,'龙胜各族自治县'),(450329,450300,'资源县'),(450330,450300,'平乐县'),(450331,450300,'荔蒲县'),(450332,450300,'恭城瑶族自治县'),(450401,450400,'市辖区'),(450403,450400,'万秀区'),(450404,450400,'蝶山区'),(450405,450400,'长洲区'),(450421,450400,'苍梧县'),(450422,450400,'藤县'),(450423,450400,'蒙山县'),(450481,450400,'岑溪市'),(450501,450500,'市辖区'),(450502,450500,'海城区'),(450503,450500,'银海区'),(450512,450500,'铁山港区'),(450521,450500,'合浦县'),(450601,450600,'市辖区'),(450602,450600,'港口区'),(450603,450600,'防城区'),(450621,450600,'上思县'),(450681,450600,'东兴市'),(450701,450700,'市辖区'),(450702,450700,'钦南区'),(450703,450700,'钦北区'),(450721,450700,'灵山县'),(450722,450700,'浦北县'),(450801,450800,'市辖区'),(450802,450800,'港北区'),(450803,450800,'港南区'),(450804,450800,'覃塘区'),(450821,450800,'平南县'),(450881,450800,'桂平市'),(450901,450900,'市辖区'),(450902,450900,'玉州区'),(450921,450900,'容县'),(450922,450900,'陆川县'),(450923,450900,'博白县'),(450924,450900,'兴业县'),(450981,450900,'北流市'),(451001,451000,'市辖区'),(451002,451000,'右江区'),(451021,451000,'田阳县'),(451022,451000,'田东县'),(451023,451000,'平果县'),(451024,451000,'德保县'),(451025,451000,'靖西县'),(451026,451000,'那坡县'),(451027,451000,'凌云县'),(451028,451000,'乐业县'),(451029,451000,'田林县'),(451030,451000,'西林县'),(451031,451000,'隆林各族自治县'),(451101,451100,'市辖区'),(451102,451100,'八步区'),(451121,451100,'昭平县'),(451122,451100,'钟山县'),(451123,451100,'富川瑶族自治县'),(451201,451200,'市辖区'),(451202,451200,'金城江区'),(451221,451200,'南丹县'),(451222,451200,'天峨县'),(451223,451200,'凤山县'),(451224,451200,'东兰县'),(451225,451200,'罗城仫佬族自治县'),(451226,451200,'环江毛南族自治县'),(451227,451200,'巴马瑶族自治县'),(451228,451200,'都安瑶族自治县'),(451229,451200,'大化瑶族自治县'),(451281,451200,'宜州市'),(451301,451300,'市辖区'),(451302,451300,'兴宾区'),(451321,451300,'忻城县'),(451322,451300,'象州县'),(451323,451300,'武宣县'),(451324,451300,'金秀瑶族自治县'),(451381,451300,'合山市'),(451401,451400,'市辖区'),(451402,451400,'江洲区'),(451421,451400,'扶绥县'),(451422,451400,'宁明县'),(451423,451400,'龙州县'),(451424,451400,'大新县'),(451425,451400,'天等县'),(451481,451400,'凭祥市'),(460101,460100,'市辖区'),(460105,460100,'秀英区'),(460106,460100,'龙华区'),(460107,460100,'琼山区'),(460108,460100,'美兰区'),(460201,460200,'市辖区'),(469001,469000,'五指山市'),(469002,469000,'琼海市'),(469003,469000,'儋州市'),(469005,469000,'文昌市'),(469006,469000,'万宁市'),(469007,469000,'东方市'),(469025,469000,'定安县'),(469026,469000,'屯昌县'),(469027,469000,'澄迈县'),(469028,469000,'临高县'),(469030,469000,'白沙黎族自治县'),(469031,469000,'昌江黎族自治县'),(469033,469000,'乐东黎族自治县'),(469034,469000,'陵水黎族自治县'),(469035,469000,'保亭黎族苗族自治县'),(469036,469000,'琼中黎族苗族自治县'),(469037,469000,'西沙群岛'),(469038,469000,'南沙群岛'),(469039,469000,'中沙群岛的岛礁及其海域'),(500101,500100,'万州区'),(500102,500100,'涪陵区'),(500103,500100,'渝中区'),(500104,500100,'大渡口区'),(500105,500100,'江北区'),(500106,500100,'沙坪坝区'),(500107,500100,'九龙坡区'),(500108,500100,'南岸区'),(500109,500100,'北碚区'),(500110,500100,'万盛区'),(500111,500100,'双桥区'),(500112,500100,'渝北区'),(500113,500100,'巴南区'),(500114,500100,'黔江区'),(500115,500100,'长寿区'),(500116,500100,'江津区'),(500117,500100,'合川区'),(500118,500100,'永川区'),(500119,500100,'南川区'),(500222,500200,'綦江县'),(500223,500200,'潼南县'),(500224,500200,'铜梁县'),(500225,500200,'大足县'),(500226,500200,'荣昌县'),(500227,500200,'璧山县'),(500228,500200,'梁平县'),(500229,500200,'城口县'),(500230,500200,'丰都县'),(500231,500200,'垫江县'),(500232,500200,'武隆县'),(500233,500200,'忠县'),(500234,500200,'开县'),(500235,500200,'云阳县'),(500236,500200,'奉节县'),(500237,500200,'巫山县'),(500238,500200,'巫溪县'),(500240,500200,'石柱土家族自治县'),(500241,500200,'秀山土家族苗族自治县'),(500242,500200,'酉阳土家族苗族自治县'),(500243,500200,'彭水苗族土家族自治县'),(510101,510100,'市辖区'),(510104,510100,'锦江区'),(510105,510100,'青羊区'),(510106,510100,'金牛区'),(510107,510100,'武侯区'),(510108,510100,'成华区'),(510112,510100,'龙泉驿区'),(510113,510100,'青白江区'),(510114,510100,'新都区'),(510115,510100,'温江区'),(510121,510100,'金堂县'),(510122,510100,'双流县'),(510124,510100,'郫县'),(510129,510100,'大邑县'),(510131,510100,'蒲江县'),(510132,510100,'新津县'),(510181,510100,'都江堰市'),(510182,510100,'彭州市'),(510183,510100,'邛崃市'),(510184,510100,'崇州市'),(510301,510300,'市辖区'),(510302,510300,'自流井区'),(510303,510300,'贡井区'),(510304,510300,'大安区'),(510311,510300,'沿滩区'),(510321,510300,'荣县'),(510322,510300,'富顺县'),(510401,510400,'市辖区'),(510402,510400,'东区'),(510403,510400,'西区'),(510411,510400,'仁和区'),(510421,510400,'米易县'),(510422,510400,'盐边县'),(510501,510500,'市辖区'),(510502,510500,'江阳区'),(510503,510500,'纳溪区'),(510504,510500,'龙马潭区'),(510521,510500,'泸县'),(510522,510500,'合江县'),(510524,510500,'叙永县'),(510525,510500,'古蔺县'),(510601,510600,'市辖区'),(510603,510600,'旌阳区'),(510623,510600,'中江县'),(510626,510600,'罗江县'),(510681,510600,'广汉市'),(510682,510600,'什邡市'),(510683,510600,'绵竹市'),(510701,510700,'市辖区'),(510703,510700,'涪城区'),(510704,510700,'游仙区'),(510722,510700,'三台县'),(510723,510700,'盐亭县'),(510724,510700,'安县'),(510725,510700,'梓潼县'),(510726,510700,'北川羌族自治县'),(510727,510700,'平武县'),(510781,510700,'江油市'),(510801,510800,'市辖区'),(510802,510800,'市中区'),(510811,510800,'元坝区'),(510812,510800,'朝天区'),(510821,510800,'旺苍县'),(510822,510800,'青川县'),(510823,510800,'剑阁县'),(510824,510800,'苍溪县'),(510901,510900,'市辖区'),(510903,510900,'船山区'),(510904,510900,'安居区'),(510921,510900,'蓬溪县'),(510922,510900,'射洪县'),(510923,510900,'大英县'),(511001,511000,'市辖区'),(511002,511000,'市中区'),(511011,511000,'东兴区'),(511024,511000,'威远县'),(511025,511000,'资中县'),(511028,511000,'隆昌县'),(511101,511100,'市辖区'),(511102,511100,'市中区'),(511111,511100,'沙湾区'),(511112,511100,'五通桥区'),(511113,511100,'金口河区'),(511123,511100,'犍为县'),(511124,511100,'井研县'),(511126,511100,'夹江县'),(511129,511100,'沐川县'),(511132,511100,'峨边彝族自治县'),(511133,511100,'马边彝族自治县'),(511181,511100,'峨眉山市'),(511301,511300,'市辖区'),(511302,511300,'顺庆区'),(511303,511300,'高坪区'),(511304,511300,'嘉陵区'),(511321,511300,'南部县'),(511322,511300,'营山县'),(511323,511300,'蓬安县'),(511324,511300,'仪陇县'),(511325,511300,'西充县'),(511381,511300,'阆中市'),(511401,511400,'市辖区'),(511402,511400,'东坡区'),(511421,511400,'仁寿县'),(511422,511400,'彭山县'),(511423,511400,'洪雅县'),(511424,511400,'丹棱县'),(511425,511400,'青神县'),(511501,511500,'市辖区'),(511502,511500,'翠屏区'),(511521,511500,'宜宾县'),(511522,511500,'南溪县'),(511523,511500,'江安县'),(511524,511500,'长宁县'),(511525,511500,'高县'),(511526,511500,'珙县'),(511527,511500,'筠连县'),(511528,511500,'兴文县'),(511529,511500,'屏山县'),(511601,511600,'市辖区'),(511602,511600,'广安区'),(511621,511600,'岳池县'),(511622,511600,'武胜县'),(511623,511600,'邻水县'),(511681,511600,'华蓥市'),(511701,511700,'市辖区'),(511702,511700,'通川区'),(511721,511700,'达县'),(511722,511700,'宣汉县'),(511723,511700,'开江县'),(511724,511700,'大竹县'),(511725,511700,'渠县'),(511781,511700,'万源市'),(511801,511800,'市辖区'),(511802,511800,'雨城区'),(511821,511800,'名山县'),(511822,511800,'荥经县'),(511823,511800,'汉源县'),(511824,511800,'石棉县'),(511825,511800,'天全县'),(511826,511800,'芦山县'),(511827,511800,'宝兴县'),(511901,511900,'市辖区'),(511902,511900,'巴州区'),(511921,511900,'通江县'),(511922,511900,'南江县'),(511923,511900,'平昌县'),(512001,512000,'市辖区'),(512002,512000,'雁江区'),(512021,512000,'安岳县'),(512022,512000,'乐至县'),(512081,512000,'简阳市'),(513221,513200,'汶川县'),(513222,513200,'理县'),(513223,513200,'茂县'),(513224,513200,'松潘县'),(513225,513200,'九寨沟县'),(513226,513200,'金川县'),(513227,513200,'小金县'),(513228,513200,'黑水县'),(513229,513200,'马尔康县'),(513230,513200,'壤塘县'),(513231,513200,'阿坝县'),(513232,513200,'若尔盖县'),(513233,513200,'红原县'),(513321,513300,'康定县'),(513322,513300,'泸定县'),(513323,513300,'丹巴县'),(513324,513300,'九龙县'),(513325,513300,'雅江县'),(513326,513300,'道孚县'),(513327,513300,'炉霍县'),(513328,513300,'甘孜县'),(513329,513300,'新龙县'),(513330,513300,'德格县'),(513331,513300,'白玉县'),(513332,513300,'石渠县'),(513333,513300,'色达县'),(513334,513300,'理塘县'),(513335,513300,'巴塘县'),(513336,513300,'乡城县'),(513337,513300,'稻城县'),(513338,513300,'得荣县'),(513401,513400,'西昌市'),(513422,513400,'木里藏族自治县'),(513423,513400,'盐源县'),(513424,513400,'德昌县'),(513425,513400,'会理县'),(513426,513400,'会东县'),(513427,513400,'宁南县'),(513428,513400,'普格县'),(513429,513400,'布拖县'),(513430,513400,'金阳县'),(513431,513400,'昭觉县'),(513432,513400,'喜德县'),(513433,513400,'冕宁县'),(513434,513400,'越西县'),(513435,513400,'甘洛县'),(513436,513400,'美姑县'),(513437,513400,'雷波县'),(520101,520100,'市辖区'),(520102,520100,'南明区'),(520103,520100,'云岩区'),(520111,520100,'花溪区'),(520112,520100,'乌当区'),(520113,520100,'白云区'),(520114,520100,'小河区'),(520121,520100,'开阳县'),(520122,520100,'息烽县'),(520123,520100,'修文县'),(520181,520100,'清镇市'),(520201,520200,'钟山区'),(520203,520200,'六枝特区'),(520221,520200,'水城县'),(520222,520200,'盘县'),(520301,520300,'市辖区'),(520302,520300,'红花岗区'),(520303,520300,'汇川区'),(520321,520300,'遵义县'),(520322,520300,'桐梓县'),(520323,520300,'绥阳县'),(520324,520300,'正安县'),(520325,520300,'道真仡佬族苗族自治县'),(520326,520300,'务川仡佬族苗族自治县'),(520327,520300,'凤冈县'),(520328,520300,'湄潭县'),(520329,520300,'余庆县'),(520330,520300,'习水县'),(520381,520300,'赤水市'),(520382,520300,'仁怀市'),(520401,520400,'市辖区'),(520402,520400,'西秀区'),(520421,520400,'平坝县'),(520422,520400,'普定县'),(520423,520400,'镇宁布依族苗族自治县'),(520424,520400,'关岭布依族苗族自治县'),(520425,520400,'紫云苗族布依族自治县'),(522201,522200,'铜仁市'),(522222,522200,'江口县'),(522223,522200,'玉屏侗族自治县'),(522224,522200,'石阡县'),(522225,522200,'思南县'),(522226,522200,'印江土家族苗族自治县'),(522227,522200,'德江县'),(522228,522200,'沿河土家族自治县'),(522229,522200,'松桃苗族自治县'),(522230,522200,'万山特区'),(522301,522300,'兴义市'),(522322,522300,'兴仁县'),(522323,522300,'普安县'),(522324,522300,'晴隆县'),(522325,522300,'贞丰县'),(522326,522300,'望谟县'),(522327,522300,'册亨县'),(522328,522300,'安龙县'),(522401,522400,'毕节市'),(522422,522400,'大方县'),(522423,522400,'黔西县'),(522424,522400,'金沙县'),(522425,522400,'织金县'),(522426,522400,'纳雍县'),(522427,522400,'威宁彝族回族苗族自治县'),(522428,522400,'赫章县'),(522601,522600,'凯里市'),(522622,522600,'黄平县'),(522623,522600,'施秉县'),(522624,522600,'三穗县'),(522625,522600,'镇远县'),(522626,522600,'岑巩县'),(522627,522600,'天柱县'),(522628,522600,'锦屏县'),(522629,522600,'剑河县'),(522630,522600,'台江县'),(522631,522600,'黎平县'),(522632,522600,'榕江县'),(522633,522600,'从江县'),(522634,522600,'雷山县'),(522635,522600,'麻江县'),(522636,522600,'丹寨县'),(522701,522700,'都匀市'),(522702,522700,'福泉市'),(522722,522700,'荔波县'),(522723,522700,'贵定县'),(522725,522700,'瓮安县'),(522726,522700,'独山县'),(522727,522700,'平塘县'),(522728,522700,'罗甸县'),(522729,522700,'长顺县'),(522730,522700,'龙里县'),(522731,522700,'惠水县'),(522732,522700,'三都水族自治县'),(530101,530100,'市辖区'),(530102,530100,'五华区'),(530103,530100,'盘龙区'),(530111,530100,'官渡区'),(530112,530100,'西山区'),(530113,530100,'东川区'),(530121,530100,'呈贡县'),(530122,530100,'晋宁县'),(530124,530100,'富民县'),(530125,530100,'宜良县'),(530126,530100,'石林彝族自治县'),(530127,530100,'嵩明县'),(530128,530100,'禄劝彝族苗族自治县'),(530129,530100,'寻甸回族彝族自治县'),(530181,530100,'安宁市'),(530301,530300,'市辖区'),(530302,530300,'麒麟区'),(530321,530300,'马龙县'),(530322,530300,'陆良县'),(530323,530300,'师宗县'),(530324,530300,'罗平县'),(530325,530300,'富源县'),(530326,530300,'会泽县'),(530328,530300,'沾益县'),(530381,530300,'宣威市'),(530401,530400,'市辖区'),(530402,530400,'红塔区'),(530421,530400,'江川县'),(530422,530400,'澄江县'),(530423,530400,'通海县'),(530424,530400,'华宁县'),(530425,530400,'易门县'),(530426,530400,'峨山彝族自治县'),(530427,530400,'新平彝族傣族自治县'),(530428,530400,'元江哈尼族彝族傣族自治县'),(530501,530500,'市辖区'),(530502,530500,'隆阳区'),(530521,530500,'施甸县'),(530522,530500,'腾冲县'),(530523,530500,'龙陵县'),(530524,530500,'昌宁县'),(530601,530600,'市辖区'),(530602,530600,'昭阳区'),(530621,530600,'鲁甸县'),(530622,530600,'巧家县'),(530623,530600,'盐津县'),(530624,530600,'大关县'),(530625,530600,'永善县'),(530626,530600,'绥江县'),(530627,530600,'镇雄县'),(530628,530600,'彝良县'),(530629,530600,'威信县'),(530630,530600,'水富县'),(530701,530700,'市辖区'),(530702,530700,'古城区'),(530721,530700,'玉龙纳西族自治县'),(530722,530700,'永胜县'),(530723,530700,'华坪县'),(530724,530700,'宁蒗彝族自治县'),(530801,530800,'市辖区'),(530802,530800,'思茅区'),(530821,530800,'宁洱哈尼族彝族自治县'),(530822,530800,'墨江哈尼族自治县'),(530823,530800,'景东彝族自治县'),(530824,530800,'景谷傣族彝族自治县'),(530825,530800,'镇沅彝族哈尼族拉祜族自治县'),(530826,530800,'江城哈尼族彝族自治县'),(530827,530800,'孟连傣族拉祜族佤族自治县'),(530828,530800,'澜沧拉祜族自治县'),(530829,530800,'西盟佤族自治县'),(530901,530900,'市辖区'),(530902,530900,'临翔区'),(530921,530900,'凤庆县'),(530922,530900,'云县'),(530923,530900,'永德县'),(530924,530900,'镇康县'),(530925,530900,'双江拉祜族佤族布朗族傣族自治县'),(530926,530900,'耿马傣族佤族自治县'),(530927,530900,'沧源佤族自治县'),(532301,532300,'楚雄市'),(532322,532300,'双柏县'),(532323,532300,'牟定县'),(532324,532300,'南华县'),(532325,532300,'姚安县'),(532326,532300,'大姚县'),(532327,532300,'永仁县'),(532328,532300,'元谋县'),(532329,532300,'武定县'),(532331,532300,'禄丰县'),(532501,532500,'个旧市'),(532502,532500,'开远市'),(532522,532500,'蒙自县'),(532523,532500,'屏边苗族自治县'),(532524,532500,'建水县'),(532525,532500,'石屏县'),(532526,532500,'弥勒县'),(532527,532500,'泸西县'),(532528,532500,'元阳县'),(532529,532500,'红河县'),(532530,532500,'金平苗族瑶族傣族自治县'),(532531,532500,'绿春县'),(532532,532500,'河口瑶族自治县'),(532621,532600,'文山县'),(532622,532600,'砚山县'),(532623,532600,'西畴县'),(532624,532600,'麻栗坡县'),(532625,532600,'马关县'),(532626,532600,'丘北县'),(532627,532600,'广南县'),(532628,532600,'富宁县'),(532801,532800,'景洪市'),(532822,532800,'勐海县'),(532823,532800,'勐腊县'),(532901,532900,'大理市'),(532922,532900,'漾濞彝族自治县'),(532923,532900,'祥云县'),(532924,532900,'宾川县'),(532925,532900,'弥渡县'),(532926,532900,'南涧彝族自治县'),(532927,532900,'巍山彝族回族自治县'),(532928,532900,'永平县'),(532929,532900,'云龙县'),(532930,532900,'洱源县'),(532931,532900,'剑川县'),(532932,532900,'鹤庆县'),(533102,533100,'瑞丽市'),(533103,533100,'潞西市'),(533122,533100,'梁河县'),(533123,533100,'盈江县'),(533124,533100,'陇川县'),(533321,533300,'泸水县'),(533323,533300,'福贡县'),(533324,533300,'贡山独龙族怒族自治县'),(533325,533300,'兰坪白族普米族自治县'),(533421,533400,'香格里拉县'),(533422,533400,'德钦县'),(533423,533400,'维西傈僳族自治县'),(540101,540100,'市辖区'),(540102,540100,'城关区'),(540121,540100,'林周县'),(540122,540100,'当雄县'),(540123,540100,'尼木县'),(540124,540100,'曲水县'),(540125,540100,'堆龙德庆县'),(540126,540100,'达孜县'),(540127,540100,'墨竹工卡县'),(542121,542100,'昌都县'),(542122,542100,'江达县'),(542123,542100,'贡觉县'),(542124,542100,'类乌齐县'),(542125,542100,'丁青县'),(542126,542100,'察雅县'),(542127,542100,'八宿县'),(542128,542100,'左贡县'),(542129,542100,'芒康县'),(542132,542100,'洛隆县'),(542133,542100,'边坝县'),(542221,542200,'乃东县'),(542222,542200,'扎囊县'),(542223,542200,'贡嘎县'),(542224,542200,'桑日县'),(542225,542200,'琼结县'),(542226,542200,'曲松县'),(542227,542200,'措美县'),(542228,542200,'洛扎县'),(542229,542200,'加查县'),(542231,542200,'隆子县'),(542232,542200,'错那县'),(542233,542200,'浪卡子县'),(542301,542300,'日喀则市'),(542322,542300,'南木林县'),(542323,542300,'江孜县'),(542324,542300,'定日县'),(542325,542300,'萨迦县'),(542326,542300,'拉孜县'),(542327,542300,'昂仁县'),(542328,542300,'谢通门县'),(542329,542300,'白朗县'),(542330,542300,'仁布县'),(542331,542300,'康马县'),(542332,542300,'定结县'),(542333,542300,'仲巴县'),(542334,542300,'亚东县'),(542335,542300,'吉隆县'),(542336,542300,'聂拉木县'),(542337,542300,'萨嘎县'),(542338,542300,'岗巴县'),(542421,542400,'那曲县'),(542422,542400,'嘉黎县'),(542423,542400,'比如县'),(542424,542400,'聂荣县'),(542425,542400,'安多县'),(542426,542400,'申扎县'),(542427,542400,'索县'),(542428,542400,'班戈县'),(542429,542400,'巴青县'),(542430,542400,'尼玛县'),(542521,542500,'普兰县'),(542522,542500,'札达县'),(542523,542500,'噶尔县'),(542524,542500,'日土县'),(542525,542500,'革吉县'),(542526,542500,'改则县'),(542527,542500,'措勤县'),(542621,542600,'林芝县'),(542622,542600,'工布江达县'),(542623,542600,'米林县'),(542624,542600,'墨脱县'),(542625,542600,'波密县'),(542626,542600,'察隅县'),(542627,542600,'朗县'),(610101,610100,'市辖区'),(610102,610100,'新城区'),(610103,610100,'碑林区'),(610104,610100,'莲湖区'),(610111,610100,'灞桥区'),(610112,610100,'未央区'),(610113,610100,'雁塔区'),(610114,610100,'阎良区'),(610115,610100,'临潼区'),(610116,610100,'长安区'),(610122,610100,'蓝田县'),(610124,610100,'周至县'),(610125,610100,'户县'),(610126,610100,'高陵县'),(610201,610200,'市辖区'),(610202,610200,'王益区'),(610203,610200,'印台区'),(610204,610200,'耀州区'),(610222,610200,'宜君县'),(610301,610300,'市辖区'),(610302,610300,'渭滨区'),(610303,610300,'金台区'),(610304,610300,'陈仓区'),(610322,610300,'凤翔县'),(610323,610300,'岐山县'),(610324,610300,'扶风县'),(610326,610300,'眉县'),(610327,610300,'陇县'),(610328,610300,'千阳县'),(610329,610300,'麟游县'),(610330,610300,'凤县'),(610331,610300,'太白县'),(610401,610400,'市辖区'),(610402,610400,'秦都区'),(610403,610400,'杨凌区'),(610404,610400,'渭城区'),(610422,610400,'三原县'),(610423,610400,'泾阳县'),(610424,610400,'乾县'),(610425,610400,'礼泉县'),(610426,610400,'永寿县'),(610427,610400,'彬县'),(610428,610400,'长武县'),(610429,610400,'旬邑县'),(610430,610400,'淳化县'),(610431,610400,'武功县'),(610481,610400,'兴平市'),(610501,610500,'市辖区'),(610502,610500,'临渭区'),(610521,610500,'华县'),(610522,610500,'潼关县'),(610523,610500,'大荔县'),(610524,610500,'合阳县'),(610525,610500,'澄城县'),(610526,610500,'蒲城县'),(610527,610500,'白水县'),(610528,610500,'富平县'),(610581,610500,'韩城市'),(610582,610500,'华阴市'),(610601,610600,'市辖区'),(610602,610600,'宝塔区'),(610621,610600,'延长县'),(610622,610600,'延川县'),(610623,610600,'子长县'),(610624,610600,'安塞县'),(610625,610600,'志丹县'),(610626,610600,'吴起县'),(610627,610600,'甘泉县'),(610628,610600,'富县'),(610629,610600,'洛川县'),(610630,610600,'宜川县'),(610631,610600,'黄龙县'),(610632,610600,'黄陵县'),(610701,610700,'市辖区'),(610702,610700,'汉台区'),(610721,610700,'南郑县'),(610722,610700,'城固县'),(610723,610700,'洋县'),(610724,610700,'西乡县'),(610725,610700,'勉县'),(610726,610700,'宁强县'),(610727,610700,'略阳县'),(610728,610700,'镇巴县'),(610729,610700,'留坝县'),(610730,610700,'佛坪县'),(610801,610800,'市辖区'),(610802,610800,'榆阳区'),(610821,610800,'神木县'),(610822,610800,'府谷县'),(610823,610800,'横山县'),(610824,610800,'靖边县'),(610825,610800,'定边县'),(610826,610800,'绥德县'),(610827,610800,'米脂县'),(610828,610800,'佳县'),(610829,610800,'吴堡县'),(610830,610800,'清涧县'),(610831,610800,'子洲县'),(610901,610900,'市辖区'),(610902,610900,'汉滨区'),(610921,610900,'汉阴县'),(610922,610900,'石泉县'),(610923,610900,'宁陕县'),(610924,610900,'紫阳县'),(610925,610900,'岚皋县'),(610926,610900,'平利县'),(610927,610900,'镇坪县'),(610928,610900,'旬阳县'),(610929,610900,'白河县'),(611001,611000,'市辖区'),(611002,611000,'商州区'),(611021,611000,'洛南县'),(611022,611000,'丹凤县'),(611023,611000,'商南县'),(611024,611000,'山阳县'),(611025,611000,'镇安县'),(611026,611000,'柞水县'),(620101,620100,'市辖区'),(620102,620100,'城关区'),(620103,620100,'七里河区'),(620104,620100,'西固区'),(620105,620100,'安宁区'),(620111,620100,'红古区'),(620121,620100,'永登县'),(620122,620100,'皋兰县'),(620123,620100,'榆中县'),(620201,620200,'市辖区'),(620301,620300,'市辖区'),(620302,620300,'金川区'),(620321,620300,'永昌县'),(620401,620400,'市辖区'),(620402,620400,'白银区'),(620403,620400,'平川区'),(620421,620400,'靖远县'),(620422,620400,'会宁县'),(620423,620400,'景泰县'),(620501,620500,'市辖区'),(620502,620500,'秦城区'),(620503,620500,'北道区'),(620521,620500,'清水县'),(620522,620500,'秦安县'),(620523,620500,'甘谷县'),(620524,620500,'武山县'),(620525,620500,'张家川回族自治县'),(620601,620600,'市辖区'),(620602,620600,'凉州区'),(620621,620600,'民勤县'),(620622,620600,'古浪县'),(620623,620600,'天祝藏族自治县'),(620701,620700,'市辖区'),(620702,620700,'甘州区'),(620721,620700,'肃南裕固族自治县'),(620722,620700,'民乐县'),(620723,620700,'临泽县'),(620724,620700,'高台县'),(620725,620700,'山丹县'),(620801,620800,'市辖区'),(620802,620800,'崆峒区'),(620821,620800,'泾川县'),(620822,620800,'灵台县'),(620823,620800,'崇信县'),(620824,620800,'华亭县'),(620825,620800,'庄浪县'),(620826,620800,'静宁县'),(620901,620900,'市辖区'),(620902,620900,'肃州区'),(620921,620900,'金塔县'),(620922,620900,'瓜州县'),(620923,620900,'肃北蒙古族自治县'),(620924,620900,'阿克塞哈萨克族自治县'),(620981,620900,'玉门市'),(620982,620900,'敦煌市'),(621001,621000,'市辖区'),(621002,621000,'西峰区'),(621021,621000,'庆城县'),(621022,621000,'环县'),(621023,621000,'华池县'),(621024,621000,'合水县'),(621025,621000,'正宁县'),(621026,621000,'宁县'),(621027,621000,'镇原县'),(621101,621100,'市辖区'),(621102,621100,'安定区'),(621121,621100,'通渭县'),(621122,621100,'陇西县'),(621123,621100,'渭源县'),(621124,621100,'临洮县'),(621125,621100,'漳县'),(621126,621100,'岷县'),(621201,621200,'市辖区'),(621202,621200,'武都区'),(621221,621200,'成县'),(621222,621200,'文县'),(621223,621200,'宕昌县'),(621224,621200,'康县'),(621225,621200,'西和县'),(621226,621200,'礼县'),(621227,621200,'徽县'),(621228,621200,'两当县'),(622901,622900,'临夏市'),(622921,622900,'临夏县'),(622922,622900,'康乐县'),(622923,622900,'永靖县'),(622924,622900,'广河县'),(622925,622900,'和政县'),(622926,622900,'东乡族自治县'),(622927,622900,'积石山保安族东乡族撒拉族自治县'),(623001,623000,'合作市'),(623021,623000,'临潭县'),(623022,623000,'卓尼县'),(623023,623000,'舟曲县'),(623024,623000,'迭部县'),(623025,623000,'玛曲县'),(623026,623000,'碌曲县'),(623027,623000,'夏河县'),(630101,630100,'市辖区'),(630102,630100,'城东区'),(630103,630100,'城中区'),(630104,630100,'城西区'),(630105,630100,'城北区'),(630121,630100,'大通回族土族自治县'),(630122,630100,'湟中县'),(630123,630100,'湟源县'),(632121,632100,'平安县'),(632122,632100,'民和回族土族自治县'),(632123,632100,'乐都县'),(632126,632100,'互助土族自治县'),(632127,632100,'化隆回族自治县'),(632128,632100,'循化撒拉族自治县'),(632221,632200,'门源回族自治县'),(632222,632200,'祁连县'),(632223,632200,'海晏县'),(632224,632200,'刚察县'),(632321,632300,'同仁县'),(632322,632300,'尖扎县'),(632323,632300,'泽库县'),(632324,632300,'河南蒙古族自治县'),(632521,632500,'共和县'),(632522,632500,'同德县'),(632523,632500,'贵德县'),(632524,632500,'兴海县'),(632525,632500,'贵南县'),(632621,632600,'玛沁县'),(632622,632600,'班玛县'),(632623,632600,'甘德县'),(632624,632600,'达日县'),(632625,632600,'久治县'),(632626,632600,'玛多县'),(632721,632700,'玉树县'),(632722,632700,'杂多县'),(632723,632700,'称多县'),(632724,632700,'治多县'),(632725,632700,'囊谦县'),(632726,632700,'曲麻莱县'),(632801,632800,'格尔木市'),(632802,632800,'德令哈市'),(632821,632800,'乌兰县'),(632822,632800,'都兰县'),(632823,632800,'天峻县'),(632824,632800,'芒崖'),(632825,632800,'冷湖'),(632826,632800,'大柴旦'),(640101,640100,'市辖区'),(640104,640100,'兴庆区'),(640105,640100,'西夏区'),(640106,640100,'金凤区'),(640121,640100,'永宁县'),(640122,640100,'贺兰县'),(640181,640100,'灵武市'),(640201,640200,'市辖区'),(640202,640200,'大武口区'),(640205,640200,'惠农区'),(640221,640200,'平罗县'),(640301,640300,'市辖区'),(640302,640300,'利通区'),(640323,640300,'盐池县'),(640324,640300,'同心县'),(640381,640300,'青铜峡市'),(640401,640400,'市辖区'),(640402,640400,'原州区'),(640422,640400,'西吉县'),(640423,640400,'隆德县'),(640424,640400,'泾源县'),(640425,640400,'彭阳县'),(640501,640500,'市辖区'),(640502,640500,'沙坡头区'),(640521,640500,'中宁县'),(640522,640500,'海原县'),(650101,650100,'市辖区'),(650102,650100,'天山区'),(650103,650100,'沙依巴克区'),(650104,650100,'新市区'),(650105,650100,'水磨沟区'),(650106,650100,'头屯河区'),(650107,650100,'达坂城区'),(650108,650100,'东山区'),(650121,650100,'乌鲁木齐县'),(650201,650200,'市辖区'),(650202,650200,'独山子区'),(650203,650200,'克拉玛依区'),(650204,650200,'白碱滩区'),(650205,650200,'乌尔禾区'),(652101,652100,'吐鲁番市'),(652122,652100,'鄯善县'),(652123,652100,'托克逊县'),(652201,652200,'哈密市'),(652222,652200,'巴里坤哈萨克自治县'),(652223,652200,'伊吾县'),(652301,652300,'昌吉市'),(652302,652300,'阜康市'),(652303,652300,'米泉市'),(652323,652300,'呼图壁县'),(652324,652300,'玛纳斯县'),(652325,652300,'奇台县'),(652327,652300,'吉木萨尔县'),(652328,652300,'木垒哈萨克自治县'),(652701,652700,'博乐市'),(652722,652700,'精河县'),(652723,652700,'温泉县'),(652801,652800,'库尔勒市'),(652822,652800,'轮台县'),(652823,652800,'尉犁县'),(652824,652800,'若羌县'),(652825,652800,'且末县'),(652826,652800,'焉耆回族自治县'),(652827,652800,'和静县'),(652828,652800,'和硕县'),(652829,652800,'博湖县'),(652901,652900,'阿克苏市'),(652922,652900,'温宿县'),(652923,652900,'库车县'),(652924,652900,'沙雅县'),(652925,652900,'新和县'),(652926,652900,'拜城县'),(652927,652900,'乌什县'),(652928,652900,'阿瓦提县'),(652929,652900,'柯坪县'),(653001,653000,'阿图什市'),(653022,653000,'阿克陶县'),(653023,653000,'阿合奇县'),(653024,653000,'乌恰县'),(653101,653100,'喀什市'),(653121,653100,'疏附县'),(653122,653100,'疏勒县'),(653123,653100,'英吉沙县'),(653124,653100,'泽普县'),(653125,653100,'莎车县'),(653126,653100,'叶城县'),(653127,653100,'麦盖提县'),(653128,653100,'岳普湖县'),(653129,653100,'伽师县'),(653130,653100,'巴楚县'),(653131,653100,'塔什库尔干塔吉克自治县'),(653201,653200,'和田市'),(653221,653200,'和田县'),(653222,653200,'墨玉县'),(653223,653200,'皮山县'),(653224,653200,'洛浦县'),(653225,653200,'策勒县'),(653226,653200,'于田县'),(653227,653200,'民丰县'),(654002,654000,'伊宁市'),(654003,654000,'奎屯市'),(654021,654000,'伊宁县'),(654022,654000,'察布查尔锡伯自治县'),(654023,654000,'霍城县'),(654024,654000,'巩留县'),(654025,654000,'新源县'),(654026,654000,'昭苏县'),(654027,654000,'特克斯县'),(654028,654000,'尼勒克县'),(654201,654200,'塔城市'),(654202,654200,'乌苏市'),(654221,654200,'额敏县'),(654223,654200,'沙湾县'),(654224,654200,'托里县'),(654225,654200,'裕民县'),(654226,654200,'和布克赛尔蒙古自治县'),(654301,654300,'阿勒泰市'),(654321,654300,'布尔津县'),(654322,654300,'富蕴县'),(654323,654300,'福海县'),(654324,654300,'哈巴河县'),(654325,654300,'青河县'),(654326,654300,'吉木乃县'),(659001,659000,'石河子市'),(659002,659000,'阿拉尔市'),(659003,659000,'图木舒克市'),(659004,659000,'五家渠市'),(659005,1,'123'),(659006,1,'123'),(659007,1,'123');

/*Data for the table `t_dict_ad_citys` */

insert  into `t_dict_ad_citys`(`id`,`province_id`,`name`) values (110100,110000,'市辖区'),(110200,110000,'县'),(120100,120000,'市辖区'),(120200,120000,'县'),(130100,130000,'石家庄市'),(130200,130000,'唐山市'),(130300,130000,'秦皇岛市'),(130400,130000,'邯郸市'),(130500,130000,'邢台市'),(130600,130000,'保定市'),(130700,130000,'张家口市'),(130800,130000,'承德市'),(130900,130000,'沧州市'),(131000,130000,'廊坊市'),(131100,130000,'衡水市'),(140100,140000,'太原市'),(140200,140000,'大同市'),(140300,140000,'阳泉市'),(140400,140000,'长治市'),(140500,140000,'晋城市'),(140600,140000,'朔州市'),(140700,140000,'晋中市'),(140800,140000,'运城市'),(140900,140000,'忻州市'),(141000,140000,'临汾市'),(141100,140000,'吕梁市'),(150100,150000,'呼和浩特市'),(150200,150000,'包头市'),(150300,150000,'乌海市'),(150400,150000,'赤峰市'),(150500,150000,'通辽市'),(150600,150000,'鄂尔多斯市'),(150700,150000,'呼伦贝尔市'),(150800,150000,'巴彦淖尔市'),(150900,150000,'乌兰察布市'),(152200,150000,'兴安盟'),(152500,150000,'锡林郭勒盟'),(152900,150000,'阿拉善盟'),(210100,210000,'沈阳市'),(210200,210000,'大连市'),(210300,210000,'鞍山市'),(210400,210000,'抚顺市'),(210500,210000,'本溪市'),(210600,210000,'丹东市'),(210700,210000,'锦州市'),(210800,210000,'营口市'),(210900,210000,'阜新市'),(211000,210000,'辽阳市'),(211100,210000,'盘锦市'),(211200,210000,'铁岭市'),(211300,210000,'朝阳市'),(211400,210000,'葫芦岛市'),(220100,220000,'长春市'),(220200,220000,'吉林市'),(220300,220000,'四平市'),(220400,220000,'辽源市'),(220500,220000,'通化市'),(220600,220000,'白山市'),(220700,220000,'松原市'),(220800,220000,'白城市'),(222400,220000,'延边朝鲜族自治州'),(230100,230000,'哈尔滨市'),(230200,230000,'齐齐哈尔市'),(230300,230000,'鸡西市'),(230400,230000,'鹤岗市'),(230500,230000,'双鸭山市'),(230600,230000,'大庆市'),(230700,230000,'伊春市'),(230800,230000,'佳木斯市'),(230900,230000,'七台河市'),(231000,230000,'牡丹江市'),(231100,230000,'黑河市'),(231200,230000,'绥化市'),(232700,230000,'大兴安岭地区'),(310100,310000,'市辖区'),(310200,310000,'县'),(320100,320000,'南京市'),(320200,320000,'无锡市'),(320300,320000,'徐州市'),(320400,320000,'常州市'),(320500,320000,'苏州市'),(320600,320000,'南通市'),(320700,320000,'连云港市'),(320800,320000,'淮安市'),(320900,320000,'盐城市'),(321000,320000,'扬州市'),(321100,320000,'镇江市'),(321200,320000,'泰州市'),(321300,320000,'宿迁市'),(330100,330000,'杭州市'),(330200,330000,'宁波市'),(330300,330000,'温州市'),(330400,330000,'嘉兴市'),(330500,330000,'湖州市'),(330600,330000,'绍兴市'),(330700,330000,'金华市'),(330800,330000,'衢州市'),(330900,330000,'舟山市'),(331000,330000,'台州市'),(331100,330000,'丽水市'),(340100,340000,'合肥市'),(340200,340000,'芜湖市'),(340300,340000,'蚌埠市'),(340400,340000,'淮南市'),(340500,340000,'马鞍山市'),(340600,340000,'淮北市'),(340700,340000,'铜陵市'),(340800,340000,'安庆市'),(341000,340000,'黄山市'),(341100,340000,'滁州市'),(341200,340000,'阜阳市'),(341300,340000,'宿州市'),(341400,340000,'巢湖市'),(341500,340000,'六安市'),(341600,340000,'亳州市'),(341700,340000,'池州市'),(341800,340000,'宣城市'),(350100,350000,'福州市'),(350200,350000,'厦门市'),(350300,350000,'莆田市'),(350400,350000,'三明市'),(350500,350000,'泉州市'),(350600,350000,'漳州市'),(350700,350000,'南平市'),(350800,350000,'龙岩市'),(350900,350000,'宁德市'),(360100,360000,'南昌市'),(360200,360000,'景德镇市'),(360300,360000,'萍乡市'),(360400,360000,'九江市'),(360500,360000,'新余市'),(360600,360000,'鹰潭市'),(360700,360000,'赣州市'),(360800,360000,'吉安市'),(360900,360000,'宜春市'),(361000,360000,'抚州市'),(361100,360000,'上饶市'),(370100,370000,'济南市'),(370200,370000,'青岛市'),(370300,370000,'淄博市'),(370400,370000,'枣庄市'),(370500,370000,'东营市'),(370600,370000,'烟台市'),(370700,370000,'潍坊市'),(370800,370000,'济宁市'),(370900,370000,'泰安市'),(371000,370000,'威海市'),(371100,370000,'日照市'),(371200,370000,'莱芜市'),(371300,370000,'临沂市'),(371400,370000,'德州市'),(371500,370000,'聊城市'),(371600,370000,'滨州市'),(371700,370000,'菏泽市'),(410100,410000,'郑州市'),(410200,410000,'开封市'),(410300,410000,'洛阳市'),(410400,410000,'平顶山市'),(410500,410000,'安阳市'),(410600,410000,'鹤壁市'),(410700,410000,'新乡市'),(410800,410000,'焦作市'),(410900,410000,'濮阳市'),(411000,410000,'许昌市'),(411100,410000,'漯河市'),(411200,410000,'三门峡市'),(411300,410000,'南阳市'),(411400,410000,'商丘市'),(411500,410000,'信阳市'),(411600,410000,'周口市'),(411700,410000,'驻马店市'),(420100,420000,'武汉市'),(420200,420000,'黄石市'),(420300,420000,'十堰市'),(420500,420000,'宜昌市'),(420600,420000,'襄樊市'),(420700,420000,'鄂州市'),(420800,420000,'荆门市'),(420900,420000,'孝感市'),(421000,420000,'荆州市'),(421100,420000,'黄冈市'),(421200,420000,'咸宁市'),(421300,420000,'随州市'),(422800,420000,'恩施土家族苗族自治州'),(429000,420000,'省直辖行政单位'),(430100,430000,'长沙市'),(430200,430000,'株洲市'),(430300,430000,'湘潭市'),(430400,430000,'衡阳市'),(430500,430000,'邵阳市'),(430600,430000,'岳阳市'),(430700,430000,'常德市'),(430800,430000,'张家界市'),(430900,430000,'益阳市'),(431000,430000,'郴州市'),(431100,430000,'永州市'),(431200,430000,'怀化市'),(431300,430000,'娄底市'),(433100,430000,'湘西土家族苗族自治州'),(440100,440000,'广州市'),(440200,440000,'韶关市'),(440300,440000,'深圳市'),(440400,440000,'珠海市'),(440500,440000,'汕头市'),(440600,440000,'佛山市'),(440700,440000,'江门市'),(440800,440000,'湛江市'),(440900,440000,'茂名市'),(441200,440000,'肇庆市'),(441300,440000,'惠州市'),(441400,440000,'梅州市'),(441500,440000,'汕尾市'),(441600,440000,'河源市'),(441700,440000,'阳江市'),(441800,440000,'清远市'),(441900,440000,'东莞市'),(442000,440000,'中山市'),(445100,440000,'潮州市'),(445200,440000,'揭阳市'),(445300,440000,'云浮市'),(450100,450000,'南宁市'),(450200,450000,'柳州市'),(450300,450000,'桂林市'),(450400,450000,'梧州市'),(450500,450000,'北海市'),(450600,450000,'防城港市'),(450700,450000,'钦州市'),(450800,450000,'贵港市'),(450900,450000,'玉林市'),(451000,450000,'百色市'),(451100,450000,'贺州市'),(451200,450000,'河池市'),(451300,450000,'来宾市'),(451400,450000,'崇左市'),(460100,460000,'海口市'),(460200,460000,'三亚市'),(469000,460000,'省直辖县级行政单位'),(500100,500000,'市辖区'),(500200,500000,'县'),(510100,510000,'成都市'),(510300,510000,'自贡市'),(510400,510000,'攀枝花市'),(510500,510000,'泸州市'),(510600,510000,'德阳市'),(510700,510000,'绵阳市'),(510800,510000,'广元市'),(510900,510000,'遂宁市'),(511000,510000,'内江市'),(511100,510000,'乐山市'),(511300,510000,'南充市'),(511400,510000,'眉山市'),(511500,510000,'宜宾市'),(511600,510000,'广安市'),(511700,510000,'达州市'),(511800,510000,'雅安市'),(511900,510000,'巴中市'),(512000,510000,'资阳市'),(513200,510000,'阿坝藏族羌族自治州'),(513300,510000,'甘孜藏族自治州'),(513400,510000,'凉山彝族自治州'),(520100,520000,'贵阳市'),(520200,520000,'六盘水市'),(520300,520000,'遵义市'),(520400,520000,'安顺市'),(522200,520000,'铜仁地区'),(522300,520000,'黔西南布依族苗族自治州'),(522400,520000,'毕节地区'),(522600,520000,'黔东南苗族侗族自治州'),(522700,520000,'黔南布依族苗族自治州'),(530100,530000,'昆明市'),(530300,530000,'曲靖市'),(530400,530000,'玉溪市'),(530500,530000,'保山市'),(530600,530000,'昭通市'),(530700,530000,'丽江市'),(530800,530000,'普洱市'),(530900,530000,'临沧市'),(532300,530000,'楚雄彝族自治州'),(532500,530000,'红河哈尼族彝族自治州'),(532600,530000,'文山壮族苗族自治州'),(532800,530000,'西双版纳傣族自治州'),(532900,530000,'大理白族自治州'),(533100,530000,'德宏傣族景颇族自治州'),(533300,530000,'怒江傈僳族自治州'),(533400,530000,'迪庆藏族自治州'),(540100,540000,'拉萨市'),(542100,540000,'昌都地区'),(542200,540000,'山南地区'),(542300,540000,'日喀则地区'),(542400,540000,'那曲地区'),(542500,540000,'阿里地区'),(542600,540000,'林芝地区'),(610100,610000,'西安市'),(610200,610000,'铜川市'),(610300,610000,'宝鸡市'),(610400,610000,'咸阳市'),(610500,610000,'渭南市'),(610600,610000,'延安市'),(610700,610000,'汉中市'),(610800,610000,'榆林市'),(610900,610000,'安康市'),(611000,610000,'商洛市'),(620100,620000,'兰州市'),(620200,620000,'嘉峪关市'),(620300,620000,'金昌市'),(620400,620000,'白银市'),(620500,620000,'天水市'),(620600,620000,'武威市'),(620700,620000,'张掖市'),(620800,620000,'平凉市'),(620900,620000,'酒泉市'),(621000,620000,'庆阳市'),(621100,620000,'定西市'),(621200,620000,'陇南市'),(622900,620000,'临夏回族自治州'),(623000,620000,'甘南藏族自治州'),(630100,630000,'西宁市'),(632100,630000,'海东地区'),(632200,630000,'海北藏族自治州'),(632300,630000,'黄南藏族自治州'),(632500,630000,'海南藏族自治州'),(632600,630000,'果洛藏族自治州'),(632700,630000,'玉树藏族自治州'),(632800,630000,'海西蒙古族藏族自治州'),(640100,640000,'银川市'),(640200,640000,'石嘴山市'),(640300,640000,'吴忠市'),(640400,640000,'固原市'),(640500,640000,'中卫市'),(650100,650000,'乌鲁木齐市'),(650200,650000,'克拉玛依市'),(650300,650000,'石河子市'),(652100,650000,'吐鲁番地区'),(652200,650000,'哈密地区'),(652300,650000,'昌吉回族自治州'),(652700,650000,'博尔塔拉蒙古自治州'),(652800,650000,'巴音郭楞蒙古自治州'),(652900,650000,'阿克苏地区'),(653000,650000,'克孜勒苏柯尔克孜自治州'),(653100,650000,'喀什地区'),(653200,650000,'和田地区'),(654000,650000,'伊犁哈萨克自治州'),(654200,650000,'塔城地区'),(654300,650000,'阿勒泰地区'),(659000,650000,'省直辖行政单位');

/*Data for the table `t_dict_ad_provinces` */

insert  into `t_dict_ad_provinces`(`id`,`name`) values (110000,'北京市'),(120000,'天津市'),(130000,'河北省'),(140000,'山西省'),(150000,'内蒙古自治区'),(210000,'辽宁省'),(220000,'吉林省'),(230000,'黑龙江省'),(310000,'上海市'),(320000,'江苏省'),(330000,'浙江省'),(340000,'安徽省'),(350000,'福建省'),(360000,'江西省'),(370000,'山东省'),(410000,'河南省'),(420000,'湖北省'),(430000,'湖南省'),(440000,'广东省'),(450000,'广西壮族自治区'),(460000,'海南省'),(500000,'重庆市'),(510000,'四川省'),(520000,'贵州省'),(530000,'云南省'),(540000,'西藏自治区'),(610000,'陕西省'),(620000,'甘肃省'),(630000,'青海省'),(640000,'宁夏回族自治区'),(650000,'新疆维吾尔自治区');

/*Data for the table `t_dict_ipaddress_regions` */

insert  into `t_dict_ipaddress_regions`(`id`,`country`,`province`) values (1,'保留地址',NULL),(2,'美国',NULL),(3,'IANA',NULL),(4,'本地局域网',NULL),(5,'ARIN',NULL),(6,'加拿大',NULL),(7,'荷兰',NULL),(8,'欧洲',NULL),(9,'波多黎哥',NULL),(10,'波多黎各',NULL),(11,'智利',NULL),(12,'巴哈马',NULL),(13,'阿根廷',NULL),(14,'英国',NULL),(15,'AFRINIC',NULL),(16,'南非',NULL),(17,'埃及',NULL),(18,'卢旺达',NULL),(19,'阿尔及利亚',NULL),(20,'斯威士兰',NULL),(21,'加纳',NULL),(22,'喀麦隆',NULL),(23,'马达加斯加',NULL),(24,'坦桑尼亚',NULL),(25,'肯尼亚',NULL),(26,'尼日利亚',NULL),(27,'安哥拉',NULL),(28,'纳米比亚',NULL),(29,'摩洛哥',NULL),(30,'塞拉利昂',NULL),(31,'科特迪瓦',NULL),(32,'加蓬',NULL),(33,'Teleglobe',NULL),(34,'毛里求斯',NULL),(35,'多哥',NULL),(36,'利比亚',NULL),(37,'塞内加尔',NULL),(38,'苏丹',NULL),(39,'乌干达',NULL),(40,'津巴布韦',NULL),(41,'莫桑比克',NULL),(42,'塞舌尔',NULL),(43,'赞比亚',NULL),(44,'博茨瓦纳',NULL),(45,'利比里亚',NULL),(46,'刚果',NULL),(47,'贝宁',NULL),(48,'突尼斯',NULL),(49,'日本',NULL),(50,'德国',NULL),(51,'法国',NULL),(52,'印度',NULL),(53,'澳大利亚',NULL),(54,'泰国',NULL),(55,'中国','山东省'),(56,'中国','贵州省'),(57,'中国','江西省'),(58,'中国','重庆市'),(59,'中国','内蒙古'),(60,'中国','湖北省'),(61,'中国','湖南省'),(62,'中国','吉林省'),(63,'中国','福建省'),(64,'中国','上海市'),(65,'马来西亚',NULL),(66,'巴基斯坦',NULL),(67,'新西兰',NULL),(68,'韩国',NULL),(69,'中国','北京市'),(70,'中国','广西'),(71,'中国','广东省'),(72,'中国','香港特别行政区'),(73,'新加坡',NULL),(74,'孟加拉国',NULL),(75,'印度尼西亚',NULL),(76,'中国','四川省'),(77,'中国','云南省'),(78,'中国',NULL),(79,'中国','安徽省'),(80,'中国','江苏省'),(81,'菲律宾',NULL),(82,'中国','浙江省'),(83,'中国','青海省'),(84,'中国','甘肃省'),(85,'中国','宁夏'),(86,'中国','河北省'),(87,'亚洲网络信息中心',NULL),(88,'中国','台湾省'),(89,'阿富汗',NULL),(90,'中国','辽宁省'),(91,'中国','黑龙江省'),(92,'越南',NULL),(93,'中国','天津市'),(94,'中国','宁夏自治区'),(95,'中国','陕西省'),(96,'中国','河南省'),(97,'中国','山西省'),(98,'中国','海南省'),(99,'中国','新疆'),(100,'Akamai',NULL),(101,'孟加拉',NULL),(102,'中国','经济信息网'),(103,'中国','温州市'),(104,'中国','金汉王科技'),(105,'新喀里多尼亚',NULL),(106,'文莱',NULL),(107,'AsiaNetcom公司',NULL),(108,'中国','网络信息中心'),(109,'中国','乌鲁木齐市'),(110,'以色列',NULL),(111,'希腊',NULL),(112,'瑞士',NULL),(113,'沙特阿拉伯',NULL),(114,'瑞典',NULL),(115,'波兰',NULL),(116,'意大利',NULL),(117,'捷克',NULL),(118,'比利时',NULL),(119,'俄罗斯',NULL),(120,'爱尔兰',NULL),(121,'丹麦',NULL),(122,'塞浦路斯',NULL),(123,'奥地利',NULL),(124,'西班牙',NULL),(125,'乌克兰',NULL),(126,'挪威',NULL),(127,'土耳其',NULL),(128,'格鲁吉亚',NULL),(129,'保加利亚',NULL),(130,'芬兰',NULL),(131,'葡萄牙',NULL),(132,'伊朗',NULL),(133,'阿曼',NULL),(134,'拉脱维亚',NULL),(135,'爱沙尼亚',NULL),(136,'斯洛伐克',NULL),(137,'约旦',NULL),(138,'匈牙利',NULL),(139,'科威特',NULL),(140,'立陶宛',NULL),(141,'哈萨克斯坦',NULL),(142,'黎巴嫩',NULL),(143,'亚美尼亚',NULL),(144,'塞尔维亚',NULL),(145,'冰岛',NULL),(146,'马其顿',NULL),(147,'马尔他',NULL),(148,'罗马尼亚',NULL),(149,'阿塞拜疆',NULL),(150,'摩纳哥',NULL),(151,'特立尼达和多巴哥',NULL),(152,'多米尼加',NULL),(153,'莱索托',NULL),(154,'牙买加',NULL),(155,'百慕大群岛',NULL),(156,'哥伦比亚',NULL),(157,'乌拉圭',NULL),(158,'安提瓜和巴布达',NULL),(159,'巴巴多斯',NULL),(160,'开曼群岛',NULL),(161,'RIPE',NULL),(162,'斯洛文尼亚',NULL),(163,'叙利亚',NULL),(164,'Tiscali',NULL),(165,'巴林',NULL),(166,'马耳他',NULL),(167,'波黑',NULL),(168,'克罗地亚',NULL),(169,'Afsat',NULL),(170,'吉尔吉斯斯坦',NULL),(171,'摩尔多瓦',NULL),(172,'阿尔巴尼亚',NULL),(173,'圣马力诺',NULL),(174,'Globalaxs',NULL),(175,'卢森堡',NULL),(176,'列支敦士登',NULL),(177,'法罗群岛',NULL),(178,'伊拉克',NULL),(179,'乌兹别克斯坦',NULL),(180,'白俄罗斯',NULL),(181,'阿拉伯联合酋长国',NULL),(182,'卡塔尔',NULL),(183,'Dreamhack',NULL),(184,'巴勒斯坦',NULL),(185,'也门',NULL),(186,'毛里塔尼亚',NULL),(187,'塔吉克斯坦杜尚别市',NULL),(188,'荷兰鹿特丹市',NULL),(189,'波斯尼亚',NULL),(190,'南斯拉夫',NULL),(191,'安道尔',NULL),(192,'乔治亚',NULL),(193,'直布罗陀',NULL),(194,'乔治亚苏维埃社会主义共和',NULL),(195,'Swip',NULL),(196,'柬埔寨',NULL),(197,'斯里兰卡',NULL),(198,'SurfControl',NULL),(199,'尼泊尔',NULL),(200,'关岛',NULL),(201,'中国','澳门特别行政区'),(202,'中国','互联通'),(203,'中国','畅捷通讯'),(204,'Equinix',NULL),(205,'瓦努阿图',NULL),(206,'AsiaNetcom',NULL),(207,'蒙古',NULL),(208,'ATT',NULL),(209,'Emersion',NULL),(210,'法属玻利尼西亚',NULL),(211,'马尔代夫',NULL),(212,'斐济',NULL),(213,'密克罗尼西亚',NULL),(214,'锐鑫网络',NULL),(215,'澳大利亚布里斯本市',NULL),(216,'[未知地区]',NULL),(217,'新西兰惠灵顿市',NULL),(218,'新西兰汉密尔顿市',NULL),(219,'未知IP',NULL),(220,'英国伦敦市',NULL),(221,'LACNIC',NULL),(222,'墨西哥',NULL),(223,'Reach',NULL),(224,'美国托莱多市',NULL),(225,'新西兰但尼丁市',NULL),(226,'巴西',NULL),(227,'香港',NULL),(228,'委内瑞拉',NULL),(229,'新西兰奥克兰市',NULL),(230,'哥斯达黎加',NULL),(231,'玻利维亚',NULL),(232,'萨尔瓦多',NULL),(233,'古巴',NULL),(234,'非Internet地址',NULL),(235,'圭亚那',NULL),(236,'布基纳法索',NULL),(237,'尼日尔',NULL),(238,'法属玻里尼西',NULL),(239,'意大利/肯尼',NULL),(240,'瑞士/德国/英',NULL),(241,'阿联酋',NULL),(242,'瓜德罗普岛',NULL),(243,'塔吉克斯坦',NULL),(244,'东萨摩亚',NULL),(245,'几内亚比绍',NULL),(246,'土库曼斯坦',NULL),(247,'中国台湾',NULL),(248,'德国/瑞典',NULL),(249,'百慕大',NULL),(250,'中国','台湾省'),(251,'秘鲁',NULL),(252,'留尼汪岛',NULL),(253,'荷兰东印度群',NULL),(254,'格陵兰群岛',NULL),(255,'苏联',NULL),(256,'中非',NULL),(257,'佛得角',NULL),(258,'圣多美和普林',NULL),(259,'科摩罗',NULL),(260,'巴布亚新几内',NULL),(261,'荷兰东印度',NULL),(262,'比利时/法国',NULL),(263,'索马里',NULL),(264,'马里',NULL),(265,'厄瓜多尔',NULL),(266,'巴拿马',NULL),(267,'尼加拉瓜',NULL),(268,'危地马拉',NULL),(269,'特立尼和多巴哥',NULL),(270,'伯利兹',NULL),(271,'苏里南',NULL),(272,'巴拉圭',NULL),(273,'荷属安的列斯',NULL),(274,'洪都拉斯',NULL),(275,'阿鲁巴',NULL),(276,'所罗门群岛',NULL),(277,'图瓦卢',NULL),(278,'法属玻利尼西',NULL),(279,'西萨摩亚',NULL),(280,'基里巴斯',NULL),(281,'广东汕头市',NULL),(282,'英属印度洋',NULL),(283,'老挝',NULL),(284,'巴布亚新几内亚',NULL),(285,'汤加',NULL),(286,'纽埃',NULL),(287,'库克岛',NULL),(288,'美属萨摩亚',NULL),(289,'Intelsat公司',NULL),(290,'东帝汶',NULL),(291,'托克劳群岛',NULL),(292,'瑙鲁',NULL),(293,'eBay',NULL),(294,'北马里亚纳群岛',NULL),(295,'不丹',NULL),(296,'法属波利尼西亚',NULL),(297,'中国','PIPEX'),(298,'中国','西藏'),(299,'帕劳',NULL),(300,'Heartlandis',NULL),(301,'Firebrand',NULL),(302,'诺福克岛',NULL),(303,'Globat',NULL),(304,'美国Limelight',NULL),(305,'缅甸',NULL),(306,'Yahoo',NULL),(307,'美国Sprint',NULL),(308,'萨摩亚',NULL),(309,'新喀里多尼亚岛',NULL),(310,'瑞典IP-Only',NULL),(311,'IBM',NULL),(312,'Sprint',NULL),(313,'Concert',NULL),(314,'中国','黑龙江'),(315,'中国','西藏自治区'),(316,'广西玉林市',NULL),(317,'VerizonBusiness',NULL),(318,'中国互联网信息中心',NULL),(319,'冈比亚',NULL),(320,'梵蒂冈',NULL),(321,'乌克兰基辅市',NULL),(322,'安提瓜和巴布',NULL),(323,'埃塞俄比亚',NULL),(324,'马提尼克岛',NULL),(325,'厄立特里亚',NULL),(326,'博茨瓦那',NULL),(327,'中国','广州市'),(328,'中国','吉林市');

/*Data for the table `t_dict_payment_gateways` */

/*Data for the table `t_guo_order_details` */

/*Data for the table `t_invests` */

/*Data for the table `t_loans_details` */

/*Data for the table `t_member_detail_sequences` */

/*Data for the table `t_member_detail_types` */

insert  into `t_member_detail_types`(`id`,`name`,`type`,`description`) values (2,'标的登记',NULL,NULL),(3,'登记债权人',NULL,NULL),(4,'登记担保方',NULL,NULL),(5,'登记债权转让',NULL,NULL),(6,'自动投标签约',NULL,NULL),(7,'自动还款签约',NULL,NULL),(8,'充值',NULL,NULL),(9,'转账',NULL,NULL),(10,'还款',NULL,NULL),(11,'解冻保证金',NULL,NULL),(12,'自动代扣充值',NULL,NULL),(13,'提现',NULL,NULL);

/*Data for the table `t_member_details` */

insert  into `t_member_details`(`id`,`member_id`,`time`,`platform_id`,`serial_number`,`operation`,`amount`,`status`,`summary`) values (281,4,'2015-02-25 20:48:04',18,'14',32,'0.90','\0','{\"pWebUrl\":\"http://121.41.96.64:8080/front/PaymentAction/transferUserToMerCB\",\"type\":32,\"memberId\":\"4\",\"pMerBillNo\":\"14\",\"platformId\":\"18\",\"domain\":\"10040011137\",\"pMemo1\":\"4\",\"pMemo2\":\"\",\"pMemo3\":\"\",\"pS2SUrl\":\"http://121.41.96.64:8080/front/PaymentAction/transferUserToMerCBSys\",\"amount\":\"0.90\"}'),(282,4,'2015-02-25 21:05:17',18,'16',32,'0.90','\0','{\"pWebUrl\":\"http://121.41.96.64:8080/front/PaymentAction/transferUserToMerCB\",\"type\":32,\"memberId\":\"4\",\"pMerBillNo\":\"16\",\"platformId\":\"18\",\"domain\":\"10040011137\",\"pMemo1\":\"4\",\"pMemo2\":\"\",\"pMemo3\":\"\",\"pS2SUrl\":\"http://121.41.96.64:8080/front/PaymentAction/transferUserToMerCBSys\",\"amount\":\"0.90\"}'),(283,4,'2015-02-25 21:05:27',18,'17',32,'0.90','\0','{\"pWebUrl\":\"http://121.41.96.64:8080/front/PaymentAction/transferUserToMerCB\",\"type\":32,\"memberId\":\"4\",\"pMerBillNo\":\"17\",\"platformId\":\"18\",\"domain\":\"10040011137\",\"pMemo1\":\"4\",\"pMemo2\":\"\",\"pMemo3\":\"\",\"pS2SUrl\":\"http://121.41.96.64:8080/front/PaymentAction/transferUserToMerCBSys\",\"amount\":\"0.90\"}'),(284,4,'2015-02-25 21:08:56',18,'18',32,'0.90','\0','{\"pWebUrl\":\"http://121.41.96.64:8080/front/PaymentAction/transferUserToMerCB\",\"type\":32,\"memberId\":\"4\",\"pMerBillNo\":\"18\",\"platformId\":\"18\",\"domain\":\"10040011137\",\"pMemo1\":\"4\",\"pMemo2\":\"\",\"pMemo3\":\"\",\"pS2SUrl\":\"http://121.41.96.64:8080/front/PaymentAction/transferUserToMerCBSys\",\"amount\":\"0.90\"}'),(285,5,'2015-02-25 21:18:11',18,'22',32,'0.90','\0','{\"pWebUrl\":\"http://121.41.96.64:8080/front/PaymentAction/transferUserToMerCB\",\"type\":32,\"memberId\":\"5\",\"pMerBillNo\":\"22\",\"platformId\":\"18\",\"domain\":\"10040011137\",\"pMemo1\":\"5\",\"pMemo2\":\"\",\"pMemo3\":\"\",\"pS2SUrl\":\"http://121.41.96.64:8080/front/PaymentAction/transferUserToMerCBSys\",\"amount\":\"0.90\"}'),(286,8,'2015-02-26 09:51:51',18,'35',3,'1000.00','','{\"pWebUrl\":\"http://121.41.96.64:8080/front/PaymentAction/registerCreditorCB\",\"type\":3,\"memberId\":\"8\",\"pMerBillNo\":\"35\",\"platformId\":\"18\",\"domain\":\"10040011137\",\"pMemo1\":\"pMemo1\",\"pMemo2\":\"pMemo2\",\"pMemo3\":\"pMemo3\",\"pS2SUrl\":\"http://121.41.96.64:8080/front/PaymentAction/registerCreditorCBSys\"}'),(287,0,'2015-02-26 09:52:39',18,'28_35',36,'1000.00','','{\"pWebUrl\":\"\",\"type\":9,\"memberId\":\"1\",\"pMerBillNo\":\"28\",\"platformId\":\"18\",\"domain\":\"10040011137\",\"pMemo1\":\"pMemo1\",\"pMemo2\":\"pMemo2\",\"pMemo3\":\"pMemo3\",\"pS2SUrl\":\"http://121.41.96.64:8080/front/PaymentAction/transferCBSys\"}'),(288,1,'2015-02-26 09:52:39',18,'28',9,'1000.00','','{\"pWebUrl\":\"\",\"type\":9,\"memberId\":\"1\",\"pMerBillNo\":\"28\",\"platformId\":\"18\",\"domain\":\"10040011137\",\"pMemo1\":\"pMemo1\",\"pMemo2\":\"pMemo2\",\"pMemo3\":\"pMemo3\",\"pS2SUrl\":\"http://121.41.96.64:8080/front/PaymentAction/transferCBSys\"}'),(289,7,'2015-02-26 10:07:38',18,'38',32,'200.00','\0','{\"pWebUrl\":\"http://121.41.96.64:8080/front/PaymentAction/transferUserToMerCB\",\"type\":32,\"memberId\":\"7\",\"pMerBillNo\":\"38\",\"platformId\":\"18\",\"domain\":\"10040011137\",\"pMemo1\":\"7\",\"pMemo2\":\"\",\"pMemo3\":\"\",\"pS2SUrl\":\"http://121.41.96.64:8080/front/PaymentAction/transferUserToMerCBSys\",\"amount\":\"200.00\"}'),(290,8,'2015-02-26 10:16:50',18,'45',3,'1000.00','','{\"pWebUrl\":\"http://121.41.96.64:8080/front/PaymentAction/registerCreditorCB\",\"type\":3,\"memberId\":\"8\",\"pMerBillNo\":\"45\",\"platformId\":\"18\",\"domain\":\"10040011137\",\"pMemo1\":\"pMemo1\",\"pMemo2\":\"pMemo2\",\"pMemo3\":\"pMemo3\",\"pS2SUrl\":\"http://121.41.96.64:8080/front/PaymentAction/registerCreditorCBSys\"}'),(291,0,'2015-02-26 10:17:23',18,'36_45',36,'1000.00','','{\"pWebUrl\":\"\",\"type\":9,\"memberId\":\"1\",\"pMerBillNo\":\"36\",\"platformId\":\"18\",\"domain\":\"10040011137\",\"pMemo1\":\"pMemo1\",\"pMemo2\":\"pMemo2\",\"pMemo3\":\"pMemo3\",\"pS2SUrl\":\"http://121.41.96.64:8080/front/PaymentAction/transferCBSys\"}'),(292,1,'2015-02-26 10:17:23',18,'36',9,'1000.00','','{\"pWebUrl\":\"\",\"type\":9,\"memberId\":\"1\",\"pMerBillNo\":\"36\",\"platformId\":\"18\",\"domain\":\"10040011137\",\"pMemo1\":\"pMemo1\",\"pMemo2\":\"pMemo2\",\"pMemo3\":\"pMemo3\",\"pS2SUrl\":\"http://121.41.96.64:8080/front/PaymentAction/transferCBSys\"}'),(293,8,'2015-02-26 10:17:25',18,'46a1',33,'200.00','\0','{\"pWebUrl\":\"\",\"type\":33,\"memberId\":\"0\",\"pMerBillNo\":\"46\",\"platformId\":\"18\",\"domain\":\"10040011137\",\"pMemo1\":\"46\",\"pMemo2\":\"\",\"pMemo3\":\"\",\"pS2SUrl\":\"http://121.41.96.64:8080/front/PaymentAction/transferMerToUserCBSys\"}'),(294,10,'2015-02-26 16:25:10',18,'49',5,'1000.00','\0','{\"pWebUrl\":\"http://121.41.96.64:8080/front/PaymentAction/registerCretansferCB\",\"type\":5,\"memberId\":\"10\",\"pMerBillNo\":\"49\",\"platformId\":\"18\",\"domain\":\"10040011137\",\"pMemo1\":\"pMemo1\",\"pMemo2\":\"pMemo2\",\"pMemo3\":\"pMemo3\",\"pS2SUrl\":\"http://121.41.96.64:8080/front/PaymentAction/registerCretansferCBSys\"}'),(295,10,'2015-02-26 16:27:20',18,'51',5,'1000.00','','{\"pWebUrl\":\"http://121.41.96.64:8080/front/PaymentAction/registerCretansferCB\",\"type\":5,\"memberId\":\"10\",\"pMerBillNo\":\"51\",\"platformId\":\"18\",\"domain\":\"10040011137\",\"pMemo1\":\"pMemo1\",\"pMemo2\":\"pMemo2\",\"pMemo3\":\"pMemo3\",\"pS2SUrl\":\"http://121.41.96.64:8080/front/PaymentAction/registerCretansferCBSys\"}'),(296,7,'2015-02-26 17:30:30',18,'56',32,'5.00','\0','{\"pWebUrl\":\"http://121.41.96.64:8080/front/PaymentAction/transferUserToMerCB\",\"type\":32,\"memberId\":\"7\",\"pMerBillNo\":\"56\",\"platformId\":\"18\",\"domain\":\"10040011137\",\"pMemo1\":\"7\",\"pMemo2\":\"\",\"pMemo3\":\"\",\"pS2SUrl\":\"http://121.41.96.64:8080/front/PaymentAction/transferUserToMerCBSys\",\"amount\":\"5.00\"}'),(297,7,'2015-02-27 09:09:16',18,'61',32,'5.00','\0','{\"pWebUrl\":\"http://121.41.96.64:8080/front/PaymentAction/transferUserToMerCB\",\"type\":32,\"memberId\":\"7\",\"pMerBillNo\":\"61\",\"platformId\":\"18\",\"domain\":\"10040011137\",\"pMemo1\":\"7\",\"pMemo2\":\"\",\"pMemo3\":\"\",\"pS2SUrl\":\"http://121.41.96.64:8080/front/PaymentAction/transferUserToMerCBSys\",\"amount\":\"5.00\"}'),(298,8,'2015-02-27 09:10:42',18,'62',3,'1000.00','\0','{\"pWebUrl\":\"http://121.41.96.64:8080/front/PaymentAction/registerCreditorCB\",\"type\":3,\"memberId\":\"8\",\"pMerBillNo\":\"62\",\"platformId\":\"18\",\"domain\":\"10040011137\",\"pMemo1\":\"pMemo1\",\"pMemo2\":\"pMemo2\",\"pMemo3\":\"pMemo3\",\"pS2SUrl\":\"http://121.41.96.64:8080/front/PaymentAction/registerCreditorCBSys\"}'),(299,12,'2015-02-27 09:51:50',18,'67',32,'100.00','\0','{\"pWebUrl\":\"http://121.41.96.64:8080/front/PaymentAction/transferUserToMerCB\",\"type\":32,\"memberId\":\"12\",\"pMerBillNo\":\"67\",\"platformId\":\"18\",\"domain\":\"10040011137\",\"pMemo1\":\"12\",\"pMemo2\":\"\",\"pMemo3\":\"\",\"pS2SUrl\":\"http://121.41.96.64:8080/front/PaymentAction/transferUserToMerCBSys\",\"amount\":\"100.00\"}'),(300,12,'2015-02-27 10:28:44',18,'85',32,'50.00','\0','{\"pWebUrl\":\"http://121.41.96.64:8080/front/PaymentAction/transferUserToMerCB\",\"type\":32,\"memberId\":\"12\",\"pMerBillNo\":\"85\",\"platformId\":\"18\",\"domain\":\"10040011137\",\"pMemo1\":\"12\",\"pMemo2\":\"\",\"pMemo3\":\"\",\"pS2SUrl\":\"http://121.41.96.64:8080/front/PaymentAction/transferUserToMerCBSys\",\"amount\":\"50.00\"}'),(301,6,'2015-02-27 10:48:05',18,'100',3,'30000.00','','{\"pWebUrl\":\"http://121.41.96.64:8080/front/PaymentAction/registerCreditorCB\",\"type\":3,\"memberId\":\"6\",\"pMerBillNo\":\"100\",\"platformId\":\"18\",\"domain\":\"10040011137\",\"pMemo1\":\"pMemo1\",\"pMemo2\":\"pMemo2\",\"pMemo3\":\"pMemo3\",\"pS2SUrl\":\"http://121.41.96.64:8080/front/PaymentAction/registerCreditorCBSys\"}'),(302,6,'2015-02-27 10:48:39',18,'101',3,'40000.00','','{\"pWebUrl\":\"http://121.41.96.64:8080/front/PaymentAction/registerCreditorCB\",\"type\":3,\"memberId\":\"6\",\"pMerBillNo\":\"101\",\"platformId\":\"18\",\"domain\":\"10040011137\",\"pMemo1\":\"pMemo1\",\"pMemo2\":\"pMemo2\",\"pMemo3\":\"pMemo3\",\"pS2SUrl\":\"http://121.41.96.64:8080/front/PaymentAction/registerCreditorCBSys\"}'),(303,12,'2015-02-27 13:26:50',18,'117',3,'5000.00','','{\"pWebUrl\":\"http://121.41.96.64:8080/front/PaymentAction/registerCreditorCB\",\"type\":3,\"memberId\":\"12\",\"pMerBillNo\":\"117\",\"platformId\":\"18\",\"domain\":\"10040011137\",\"pMemo1\":\"pMemo1\",\"pMemo2\":\"pMemo2\",\"pMemo3\":\"pMemo3\",\"pS2SUrl\":\"http://121.41.96.64:8080/front/PaymentAction/registerCreditorCBSys\"}'),(304,12,'2015-02-27 14:04:25',18,'120',32,'3.00','\0','{\"pWebUrl\":\"http://121.41.96.64:8080/front/PaymentAction/transferUserToMerCB\",\"type\":32,\"memberId\":\"12\",\"pMerBillNo\":\"120\",\"platformId\":\"18\",\"domain\":\"10040011137\",\"pMemo1\":\"12\",\"pMemo2\":\"\",\"pMemo3\":\"\",\"pS2SUrl\":\"http://121.41.96.64:8080/front/PaymentAction/transferUserToMerCBSys\",\"amount\":\"3.00\"}'),(305,14,'2015-02-27 14:13:35',18,'122',3,'1000.00','\0','{\"pWebUrl\":\"http://121.41.96.64:8080/front/PaymentAction/registerCreditorCB\",\"type\":3,\"memberId\":\"14\",\"pMerBillNo\":\"122\",\"platformId\":\"18\",\"domain\":\"10040011137\",\"pMemo1\":\"pMemo1\",\"pMemo2\":\"pMemo2\",\"pMemo3\":\"pMemo3\",\"pS2SUrl\":\"http://121.41.96.64:8080/front/PaymentAction/registerCreditorCBSys\"}'),(306,14,'2015-02-27 14:14:14',18,'123',3,'1000.00','\0','{\"pWebUrl\":\"http://121.41.96.64:8080/front/PaymentAction/registerCreditorCB\",\"type\":3,\"memberId\":\"14\",\"pMerBillNo\":\"123\",\"platformId\":\"18\",\"domain\":\"10040011137\",\"pMemo1\":\"pMemo1\",\"pMemo2\":\"pMemo2\",\"pMemo3\":\"pMemo3\",\"pS2SUrl\":\"http://121.41.96.64:8080/front/PaymentAction/registerCreditorCBSys\"}'),(307,6,'2015-02-27 14:21:17',18,'124',3,'10000.00','\0','{\"pWebUrl\":\"http://121.41.96.64:8080/front/PaymentAction/registerCreditorCB\",\"type\":3,\"memberId\":\"6\",\"pMerBillNo\":\"124\",\"platformId\":\"18\",\"domain\":\"10040011137\",\"pMemo1\":\"pMemo1\",\"pMemo2\":\"pMemo2\",\"pMemo3\":\"pMemo3\",\"pS2SUrl\":\"http://121.41.96.64:8080/front/PaymentAction/registerCreditorCBSys\"}'),(308,6,'2015-02-27 14:32:41',18,'126',3,'30000.00','','{\"pWebUrl\":\"http://121.41.96.64:8080/front/PaymentAction/registerCreditorCB\",\"type\":3,\"memberId\":\"6\",\"pMerBillNo\":\"126\",\"platformId\":\"18\",\"domain\":\"10040011137\",\"pMemo1\":\"pMemo1\",\"pMemo2\":\"pMemo2\",\"pMemo3\":\"pMemo3\",\"pS2SUrl\":\"http://121.41.96.64:8080/front/PaymentAction/registerCreditorCBSys\"}'),(309,0,'2015-02-27 14:34:36',18,'118_126',36,'30000.00','','{\"pWebUrl\":\"\",\"type\":9,\"memberId\":\"1\",\"pMerBillNo\":\"118\",\"platformId\":\"18\",\"domain\":\"10040011137\",\"pMemo1\":\"pMemo1\",\"pMemo2\":\"pMemo2\",\"pMemo3\":\"pMemo3\",\"pS2SUrl\":\"http://121.41.96.64:8080/front/PaymentAction/transferCBSys\"}'),(310,1,'2015-02-27 14:34:36',18,'118',9,'30000.00','','{\"pWebUrl\":\"\",\"type\":9,\"memberId\":\"1\",\"pMerBillNo\":\"118\",\"platformId\":\"18\",\"domain\":\"10040011137\",\"pMemo1\":\"pMemo1\",\"pMemo2\":\"pMemo2\",\"pMemo3\":\"pMemo3\",\"pS2SUrl\":\"http://121.41.96.64:8080/front/PaymentAction/transferCBSys\"}'),(311,6,'2015-02-27 14:34:37',18,'127a1',33,'3.00','\0','{\"pWebUrl\":\"\",\"type\":33,\"memberId\":\"0\",\"pMerBillNo\":\"127\",\"platformId\":\"18\",\"domain\":\"10040011137\",\"pMemo1\":\"127\",\"pMemo2\":\"\",\"pMemo3\":\"\",\"pS2SUrl\":\"http://121.41.96.64:8080/front/PaymentAction/transferMerToUserCBSys\"}'),(312,14,'2015-02-27 14:49:25',18,'130',32,'500.00','\0','{\"pWebUrl\":\"http://121.41.96.64:8080/front/PaymentAction/transferUserToMerCB\",\"type\":32,\"memberId\":\"14\",\"pMerBillNo\":\"130\",\"platformId\":\"18\",\"domain\":\"10040011137\",\"pMemo1\":\"14\",\"pMemo2\":\"\",\"pMemo3\":\"\",\"pS2SUrl\":\"http://121.41.96.64:8080/front/PaymentAction/transferUserToMerCBSys\",\"amount\":\"500.00\"}'),(313,12,'2015-02-27 14:51:16',18,'134',3,'10000.00','','{\"pWebUrl\":\"http://121.41.96.64:8080/front/PaymentAction/registerCreditorCB\",\"type\":3,\"memberId\":\"12\",\"pMerBillNo\":\"134\",\"platformId\":\"18\",\"domain\":\"10040011137\",\"pMemo1\":\"pMemo1\",\"pMemo2\":\"pMemo2\",\"pMemo3\":\"pMemo3\",\"pS2SUrl\":\"http://121.41.96.64:8080/front/PaymentAction/registerCreditorCBSys\"}'),(314,6,'2015-02-27 15:01:14',18,'135',3,'20000.00','\0','{\"pWebUrl\":\"http://121.41.96.64:8080/front/PaymentAction/registerCreditorCB\",\"type\":3,\"memberId\":\"6\",\"pMerBillNo\":\"135\",\"platformId\":\"18\",\"domain\":\"10040011137\",\"pMemo1\":\"pMemo1\",\"pMemo2\":\"pMemo2\",\"pMemo3\":\"pMemo3\",\"pS2SUrl\":\"http://121.41.96.64:8080/front/PaymentAction/registerCreditorCBSys\"}'),(315,14,'2015-02-27 16:01:14',18,'136',3,'2000.00','','{\"pWebUrl\":\"http://121.41.96.64:8080/front/PaymentAction/registerCreditorCB\",\"type\":3,\"memberId\":\"14\",\"pMerBillNo\":\"136\",\"platformId\":\"18\",\"domain\":\"10040011137\",\"pMemo1\":\"pMemo1\",\"pMemo2\":\"pMemo2\",\"pMemo3\":\"pMemo3\",\"pS2SUrl\":\"http://121.41.96.64:8080/front/PaymentAction/registerCreditorCBSys\"}'),(316,8,'2015-02-28 10:10:45',18,'141',3,'1000.00','','{\"pWebUrl\":\"http://121.41.96.64:8080/front/PaymentAction/registerCreditorCB\",\"type\":3,\"memberId\":\"8\",\"pMerBillNo\":\"141\",\"platformId\":\"18\",\"domain\":\"10040011137\",\"pMemo1\":\"pMemo1\",\"pMemo2\":\"pMemo2\",\"pMemo3\":\"pMemo3\",\"pS2SUrl\":\"http://121.41.96.64:8080/front/PaymentAction/registerCreditorCBSys\"}'),(317,0,'2015-02-28 10:11:37',18,'138_141',36,'1000.00','','{\"pWebUrl\":\"\",\"type\":9,\"memberId\":\"1\",\"pMerBillNo\":\"138\",\"platformId\":\"18\",\"domain\":\"10040011137\",\"pMemo1\":\"pMemo1\",\"pMemo2\":\"pMemo2\",\"pMemo3\":\"pMemo3\",\"pS2SUrl\":\"http://121.41.96.64:8080/front/PaymentAction/transferCBSys\"}'),(318,1,'2015-02-28 10:11:37',18,'138',9,'1000.00','','{\"pWebUrl\":\"\",\"type\":9,\"memberId\":\"1\",\"pMerBillNo\":\"138\",\"platformId\":\"18\",\"domain\":\"10040011137\",\"pMemo1\":\"pMemo1\",\"pMemo2\":\"pMemo2\",\"pMemo3\":\"pMemo3\",\"pS2SUrl\":\"http://121.41.96.64:8080/front/PaymentAction/transferCBSys\"}'),(319,0,'2015-02-28 10:13:52',18,'142_51',10,'1000.98','\0','{\"pWebUrl\":\"http://121.41.96.64:8080/front/PaymentAction/repaymentNewTradeCB\",\"type\":10,\"memberId\":\"7\",\"pMerBillNo\":\"142\",\"platformId\":\"18\",\"domain\":\"10040011137\",\"pMemo1\":\"pMemo1\",\"pMemo2\":\"pMemo2\",\"pMemo3\":\"142\",\"pS2SUrl\":\"http://121.41.96.64:8080/front/PaymentAction/repaymentNewTradeCBSys\"}'),(320,7,'2015-02-28 10:13:52',18,'142',10,'1000.98','\0','{\"pWebUrl\":\"http://121.41.96.64:8080/front/PaymentAction/repaymentNewTradeCB\",\"type\":10,\"memberId\":\"7\",\"pMerBillNo\":\"142\",\"platformId\":\"18\",\"domain\":\"10040011137\",\"pMemo1\":\"pMemo1\",\"pMemo2\":\"pMemo2\",\"pMemo3\":\"142\",\"pS2SUrl\":\"http://121.41.96.64:8080/front/PaymentAction/repaymentNewTradeCBSys\"}'),(321,0,'2015-02-28 10:14:34',18,'143_35',10,'1000.98','\0','{\"pWebUrl\":\"http://121.41.96.64:8080/front/PaymentAction/repaymentNewTradeCB\",\"type\":10,\"memberId\":\"7\",\"pMerBillNo\":\"143\",\"platformId\":\"18\",\"domain\":\"10040011137\",\"pMemo1\":\"pMemo1\",\"pMemo2\":\"pMemo2\",\"pMemo3\":\"143\",\"pS2SUrl\":\"http://121.41.96.64:8080/front/PaymentAction/repaymentNewTradeCBSys\"}'),(322,7,'2015-02-28 10:14:34',18,'143',10,'1000.98','\0','{\"pWebUrl\":\"http://121.41.96.64:8080/front/PaymentAction/repaymentNewTradeCB\",\"type\":10,\"memberId\":\"7\",\"pMerBillNo\":\"143\",\"platformId\":\"18\",\"domain\":\"10040011137\",\"pMemo1\":\"pMemo1\",\"pMemo2\":\"pMemo2\",\"pMemo3\":\"143\",\"pS2SUrl\":\"http://121.41.96.64:8080/front/PaymentAction/repaymentNewTradeCBSys\"}'),(323,6,'2015-02-28 13:41:35',18,'144',3,'10000.00','\0','{\"pWebUrl\":\"http://121.41.96.64:8080/front/PaymentAction/registerCreditorCB\",\"type\":3,\"memberId\":\"6\",\"pMerBillNo\":\"144\",\"platformId\":\"18\",\"domain\":\"10040011137\",\"pMemo1\":\"pMemo1\",\"pMemo2\":\"pMemo2\",\"pMemo3\":\"pMemo3\",\"pS2SUrl\":\"http://121.41.96.64:8080/front/PaymentAction/registerCreditorCBSys\"}'),(324,12,'2015-02-28 14:03:01',18,'150',32,'50.00','\0','{\"pWebUrl\":\"http://121.41.96.64:8080/front/PaymentAction/transferUserToMerCB\",\"type\":32,\"memberId\":\"12\",\"pMerBillNo\":\"150\",\"platformId\":\"18\",\"domain\":\"10040011137\",\"pMemo1\":\"12\",\"pMemo2\":\"\",\"pMemo3\":\"\",\"pS2SUrl\":\"http://121.41.96.64:8080/front/PaymentAction/transferUserToMerCBSys\",\"amount\":\"50.00\"}'),(325,12,'2015-02-28 14:05:05',18,'152',32,'100.00','\0','{\"pWebUrl\":\"http://121.41.96.64:8080/front/PaymentAction/transferUserToMerCB\",\"type\":32,\"memberId\":\"12\",\"pMerBillNo\":\"152\",\"platformId\":\"18\",\"domain\":\"10040011137\",\"pMemo1\":\"12\",\"pMemo2\":\"\",\"pMemo3\":\"\",\"pS2SUrl\":\"http://121.41.96.64:8080/front/PaymentAction/transferUserToMerCBSys\",\"amount\":\"100.00\"}'),(326,12,'2015-02-28 14:05:55',18,'153',32,'100.00','\0','{\"pWebUrl\":\"http://121.41.96.64:8080/front/PaymentAction/transferUserToMerCB\",\"type\":32,\"memberId\":\"12\",\"pMerBillNo\":\"153\",\"platformId\":\"18\",\"domain\":\"10040011137\",\"pMemo1\":\"12\",\"pMemo2\":\"\",\"pMemo3\":\"\",\"pS2SUrl\":\"http://121.41.96.64:8080/front/PaymentAction/transferUserToMerCBSys\",\"amount\":\"100.00\"}'),(327,12,'2015-02-28 14:06:27',18,'154',32,'100.00','\0','{\"pWebUrl\":\"http://121.41.96.64:8080/front/PaymentAction/transferUserToMerCB\",\"type\":32,\"memberId\":\"12\",\"pMerBillNo\":\"154\",\"platformId\":\"18\",\"domain\":\"10040011137\",\"pMemo1\":\"12\",\"pMemo2\":\"\",\"pMemo3\":\"\",\"pS2SUrl\":\"http://121.41.96.64:8080/front/PaymentAction/transferUserToMerCBSys\",\"amount\":\"100.00\"}'),(328,12,'2015-02-28 14:06:48',18,'155',32,'0.90','\0','{\"pWebUrl\":\"http://121.41.96.64:8080/front/PaymentAction/transferUserToMerCB\",\"type\":32,\"memberId\":\"12\",\"pMerBillNo\":\"155\",\"platformId\":\"18\",\"domain\":\"10040011137\",\"pMemo1\":\"12\",\"pMemo2\":\"\",\"pMemo3\":\"\",\"pS2SUrl\":\"http://121.41.96.64:8080/front/PaymentAction/transferUserToMerCBSys\",\"amount\":\"0.90\"}'),(329,12,'2015-02-28 14:07:14',18,'157',32,'0.90','\0','{\"pWebUrl\":\"http://121.41.96.64:8080/front/PaymentAction/transferUserToMerCB\",\"type\":32,\"memberId\":\"12\",\"pMerBillNo\":\"157\",\"platformId\":\"18\",\"domain\":\"10040011137\",\"pMemo1\":\"12\",\"pMemo2\":\"\",\"pMemo3\":\"\",\"pS2SUrl\":\"http://121.41.96.64:8080/front/PaymentAction/transferUserToMerCBSys\",\"amount\":\"0.90\"}'),(330,12,'2015-02-28 14:07:33',18,'158',32,'0.90','\0','{\"pWebUrl\":\"http://121.41.96.64:8080/front/PaymentAction/transferUserToMerCB\",\"type\":32,\"memberId\":\"12\",\"pMerBillNo\":\"158\",\"platformId\":\"18\",\"domain\":\"10040011137\",\"pMemo1\":\"12\",\"pMemo2\":\"\",\"pMemo3\":\"\",\"pS2SUrl\":\"http://121.41.96.64:8080/front/PaymentAction/transferUserToMerCBSys\",\"amount\":\"0.90\"}'),(331,6,'2015-02-28 14:13:41',18,'159',32,'0.90','\0','{\"pWebUrl\":\"http://121.41.96.64:8080/front/PaymentAction/transferUserToMerCB\",\"type\":32,\"memberId\":\"6\",\"pMerBillNo\":\"159\",\"platformId\":\"18\",\"domain\":\"10040011137\",\"pMemo1\":\"6\",\"pMemo2\":\"\",\"pMemo3\":\"\",\"pS2SUrl\":\"http://121.41.96.64:8080/front/PaymentAction/transferUserToMerCBSys\",\"amount\":\"0.90\"}'),(332,18,'2015-02-28 14:17:28',18,'163',3,'20000.00','','{\"pWebUrl\":\"http://121.41.96.64:8080/front/PaymentAction/registerCreditorCB\",\"type\":3,\"memberId\":\"18\",\"pMerBillNo\":\"163\",\"platformId\":\"18\",\"domain\":\"10040011137\",\"pMemo1\":\"pMemo1\",\"pMemo2\":\"pMemo2\",\"pMemo3\":\"pMemo3\",\"pS2SUrl\":\"http://121.41.96.64:8080/front/PaymentAction/registerCreditorCBSys\"}'),(333,0,'2015-02-28 14:23:22',18,'114_134',36,'10000.00','','{\"pWebUrl\":\"\",\"type\":9,\"memberId\":\"1\",\"pMerBillNo\":\"114\",\"platformId\":\"18\",\"domain\":\"10040011137\",\"pMemo1\":\"pMemo1\",\"pMemo2\":\"pMemo2\",\"pMemo3\":\"pMemo3\",\"pS2SUrl\":\"http://121.41.96.64:8080/front/PaymentAction/transferCBSys\"}'),(334,0,'2015-02-28 14:23:22',18,'114_163',36,'20000.00','','{\"pWebUrl\":\"\",\"type\":9,\"memberId\":\"1\",\"pMerBillNo\":\"114\",\"platformId\":\"18\",\"domain\":\"10040011137\",\"pMemo1\":\"pMemo1\",\"pMemo2\":\"pMemo2\",\"pMemo3\":\"pMemo3\",\"pS2SUrl\":\"http://121.41.96.64:8080/front/PaymentAction/transferCBSys\"}'),(335,1,'2015-02-28 14:23:22',18,'114',9,'30000.00','','{\"pWebUrl\":\"\",\"type\":9,\"memberId\":\"1\",\"pMerBillNo\":\"114\",\"platformId\":\"18\",\"domain\":\"10040011137\",\"pMemo1\":\"pMemo1\",\"pMemo2\":\"pMemo2\",\"pMemo3\":\"pMemo3\",\"pS2SUrl\":\"http://121.41.96.64:8080/front/PaymentAction/transferCBSys\"}'),(336,14,'2015-02-28 14:36:00',18,'166',32,'500.00','\0','{\"pWebUrl\":\"http://121.41.96.64:8080/front/PaymentAction/transferUserToMerCB\",\"type\":32,\"memberId\":\"14\",\"pMerBillNo\":\"166\",\"platformId\":\"18\",\"domain\":\"10040011137\",\"pMemo1\":\"14\",\"pMemo2\":\"\",\"pMemo3\":\"\",\"pS2SUrl\":\"http://121.41.96.64:8080/front/PaymentAction/transferUserToMerCBSys\",\"amount\":\"500.00\"}'),(337,6,'2015-02-28 14:41:04',18,'169',32,'100.00','\0','{\"pWebUrl\":\"http://121.41.96.64:8080/front/PaymentAction/transferUserToMerCB\",\"type\":32,\"memberId\":\"6\",\"pMerBillNo\":\"169\",\"platformId\":\"18\",\"domain\":\"10040011137\",\"pMemo1\":\"6\",\"pMemo2\":\"\",\"pMemo3\":\"\",\"pS2SUrl\":\"http://121.41.96.64:8080/front/PaymentAction/transferUserToMerCBSys\",\"amount\":\"100.00\"}'),(338,6,'2015-02-28 14:42:37',18,'172',32,'55.55','\0','{\"pWebUrl\":\"http://121.41.96.64:8080/front/PaymentAction/transferUserToMerCB\",\"type\":32,\"memberId\":\"6\",\"pMerBillNo\":\"172\",\"platformId\":\"18\",\"domain\":\"10040011137\",\"pMemo1\":\"6\",\"pMemo2\":\"\",\"pMemo3\":\"\",\"pS2SUrl\":\"http://121.41.96.64:8080/front/PaymentAction/transferUserToMerCBSys\",\"amount\":\"55.55\"}'),(339,6,'2015-02-28 15:29:10',18,'180',3,'9000.00','','{\"pWebUrl\":\"http://121.41.96.64:8080/front/PaymentAction/registerCreditorCB\",\"type\":3,\"memberId\":\"6\",\"pMerBillNo\":\"180\",\"platformId\":\"18\",\"domain\":\"10040011137\",\"pMemo1\":\"pMemo1\",\"pMemo2\":\"pMemo2\",\"pMemo3\":\"pMemo3\",\"pS2SUrl\":\"http://121.41.96.64:8080/front/PaymentAction/registerCreditorCBSys\"}'),(340,0,'2015-02-28 15:30:12',18,'173_180',36,'9000.00','','{\"pWebUrl\":\"\",\"type\":9,\"memberId\":\"1\",\"pMerBillNo\":\"173\",\"platformId\":\"18\",\"domain\":\"10040011137\",\"pMemo1\":\"pMemo1\",\"pMemo2\":\"pMemo2\",\"pMemo3\":\"pMemo3\",\"pS2SUrl\":\"http://121.41.96.64:8080/front/PaymentAction/transferCBSys\"}'),(341,1,'2015-02-28 15:30:12',18,'173',9,'9000.00','','{\"pWebUrl\":\"\",\"type\":9,\"memberId\":\"1\",\"pMerBillNo\":\"173\",\"platformId\":\"18\",\"domain\":\"10040011137\",\"pMemo1\":\"pMemo1\",\"pMemo2\":\"pMemo2\",\"pMemo3\":\"pMemo3\",\"pS2SUrl\":\"http://121.41.96.64:8080/front/PaymentAction/transferCBSys\"}'),(342,12,'2015-02-28 15:34:38',18,'183',32,'100.00','\0','{\"pWebUrl\":\"http://121.41.96.64:8080/front/PaymentAction/transferUserToMerCB\",\"type\":32,\"memberId\":\"12\",\"pMerBillNo\":\"183\",\"platformId\":\"18\",\"domain\":\"10040011137\",\"pMemo1\":\"12\",\"pMemo2\":\"\",\"pMemo3\":\"\",\"pS2SUrl\":\"http://121.41.96.64:8080/front/PaymentAction/transferUserToMerCBSys\",\"amount\":\"100.00\"}'),(343,16,'2015-02-28 15:58:00',18,'187',3,'40000.00','','{\"pWebUrl\":\"http://121.41.96.64:8080/front/PaymentAction/registerCreditorCB\",\"type\":3,\"memberId\":\"16\",\"pMerBillNo\":\"187\",\"platformId\":\"18\",\"domain\":\"10040011137\",\"pMemo1\":\"pMemo1\",\"pMemo2\":\"pMemo2\",\"pMemo3\":\"pMemo3\",\"pS2SUrl\":\"http://121.41.96.64:8080/front/PaymentAction/registerCreditorCBSys\"}'),(344,0,'2015-02-28 16:33:14',18,'188_134',10,'10019.17','\0','{\"pWebUrl\":\"http://121.41.96.64:8080/front/PaymentAction/repaymentNewTradeCB\",\"type\":10,\"memberId\":\"14\",\"pMerBillNo\":\"188\",\"platformId\":\"18\",\"domain\":\"10040011137\",\"pMemo1\":\"pMemo1\",\"pMemo2\":\"pMemo2\",\"pMemo3\":\"188\",\"pS2SUrl\":\"http://121.41.96.64:8080/front/PaymentAction/repaymentNewTradeCBSys\"}'),(345,0,'2015-02-28 16:33:14',18,'188_163',10,'20038.33','\0','{\"pWebUrl\":\"http://121.41.96.64:8080/front/PaymentAction/repaymentNewTradeCB\",\"type\":10,\"memberId\":\"14\",\"pMerBillNo\":\"188\",\"platformId\":\"18\",\"domain\":\"10040011137\",\"pMemo1\":\"pMemo1\",\"pMemo2\":\"pMemo2\",\"pMemo3\":\"188\",\"pS2SUrl\":\"http://121.41.96.64:8080/front/PaymentAction/repaymentNewTradeCBSys\"}'),(346,14,'2015-02-28 16:33:14',18,'188',10,'30057.50','\0','{\"pWebUrl\":\"http://121.41.96.64:8080/front/PaymentAction/repaymentNewTradeCB\",\"type\":10,\"memberId\":\"14\",\"pMerBillNo\":\"188\",\"platformId\":\"18\",\"domain\":\"10040011137\",\"pMemo1\":\"pMemo1\",\"pMemo2\":\"pMemo2\",\"pMemo3\":\"188\",\"pS2SUrl\":\"http://121.41.96.64:8080/front/PaymentAction/repaymentNewTradeCBSys\"}'),(347,12,'2015-02-28 16:33:31',18,'189',34,'10.00','\0','{\"pWebUrl\":\"\",\"type\":34,\"memberId\":\"12\",\"pMerBillNo\":\"189\",\"platformId\":\"18\",\"domain\":\"10040011137\",\"pMemo1\":\"transferMerToUser\",\"pMemo2\":\"\",\"pMemo3\":\"\",\"pS2SUrl\":\"pS2SUrl\"}'),(348,8,'2015-02-28 16:49:54',18,'193',3,'1000.00','','{\"pWebUrl\":\"http://121.41.96.64:8080/front/PaymentAction/registerCreditorCB\",\"type\":3,\"memberId\":\"8\",\"pMerBillNo\":\"193\",\"platformId\":\"18\",\"domain\":\"10040011137\",\"pMemo1\":\"pMemo1\",\"pMemo2\":\"pMemo2\",\"pMemo3\":\"pMemo3\",\"pS2SUrl\":\"http://121.41.96.64:8080/front/PaymentAction/registerCreditorCBSys\"}'),(349,0,'2015-02-28 16:50:34',18,'190_193',36,'1000.00','','{\"pWebUrl\":\"\",\"type\":9,\"memberId\":\"1\",\"pMerBillNo\":\"190\",\"platformId\":\"18\",\"domain\":\"10040011137\",\"pMemo1\":\"pMemo1\",\"pMemo2\":\"pMemo2\",\"pMemo3\":\"pMemo3\",\"pS2SUrl\":\"http://121.41.96.64:8080/front/PaymentAction/transferCBSys\"}'),(350,1,'2015-02-28 16:50:34',18,'190',9,'1000.00','','{\"pWebUrl\":\"\",\"type\":9,\"memberId\":\"1\",\"pMerBillNo\":\"190\",\"platformId\":\"18\",\"domain\":\"10040011137\",\"pMemo1\":\"pMemo1\",\"pMemo2\":\"pMemo2\",\"pMemo3\":\"pMemo3\",\"pS2SUrl\":\"http://121.41.96.64:8080/front/PaymentAction/transferCBSys\"}'),(351,0,'2015-02-28 16:52:10',18,'194_193',10,'1000.28','\0','{\"pWebUrl\":\"http://121.41.96.64:8080/front/PaymentAction/repaymentNewTradeCB\",\"type\":10,\"memberId\":\"7\",\"pMerBillNo\":\"194\",\"platformId\":\"18\",\"domain\":\"10040011137\",\"pMemo1\":\"pMemo1\",\"pMemo2\":\"pMemo2\",\"pMemo3\":\"194\",\"pS2SUrl\":\"http://121.41.96.64:8080/front/PaymentAction/repaymentNewTradeCBSys\"}'),(352,7,'2015-02-28 16:52:10',18,'194',10,'1000.28','\0','{\"pWebUrl\":\"http://121.41.96.64:8080/front/PaymentAction/repaymentNewTradeCB\",\"type\":10,\"memberId\":\"7\",\"pMerBillNo\":\"194\",\"platformId\":\"18\",\"domain\":\"10040011137\",\"pMemo1\":\"pMemo1\",\"pMemo2\":\"pMemo2\",\"pMemo3\":\"194\",\"pS2SUrl\":\"http://121.41.96.64:8080/front/PaymentAction/repaymentNewTradeCBSys\"}'),(353,8,'2015-02-28 16:53:31',18,'198',3,'100.00','\0','{\"pWebUrl\":\"http://121.41.96.64:8080/front/PaymentAction/registerCreditorCB\",\"type\":3,\"memberId\":\"8\",\"pMerBillNo\":\"198\",\"platformId\":\"18\",\"domain\":\"10040011137\",\"pMemo1\":\"pMemo1\",\"pMemo2\":\"pMemo2\",\"pMemo3\":\"pMemo3\",\"pS2SUrl\":\"http://121.41.96.64:8080/front/PaymentAction/registerCreditorCBSys\"}'),(354,8,'2015-02-28 16:53:47',18,'199',3,'1000.00','','{\"pWebUrl\":\"http://121.41.96.64:8080/front/PaymentAction/registerCreditorCB\",\"type\":3,\"memberId\":\"8\",\"pMerBillNo\":\"199\",\"platformId\":\"18\",\"domain\":\"10040011137\",\"pMemo1\":\"pMemo1\",\"pMemo2\":\"pMemo2\",\"pMemo3\":\"pMemo3\",\"pS2SUrl\":\"http://121.41.96.64:8080/front/PaymentAction/registerCreditorCBSys\"}'),(355,0,'2015-02-28 16:54:13',18,'195_199',36,'1000.00','','{\"pWebUrl\":\"\",\"type\":9,\"memberId\":\"1\",\"pMerBillNo\":\"195\",\"platformId\":\"18\",\"domain\":\"10040011137\",\"pMemo1\":\"pMemo1\",\"pMemo2\":\"pMemo2\",\"pMemo3\":\"pMemo3\",\"pS2SUrl\":\"http://121.41.96.64:8080/front/PaymentAction/transferCBSys\"}'),(356,1,'2015-02-28 16:54:13',18,'195',9,'1000.00','','{\"pWebUrl\":\"\",\"type\":9,\"memberId\":\"1\",\"pMerBillNo\":\"195\",\"platformId\":\"18\",\"domain\":\"10040011137\",\"pMemo1\":\"pMemo1\",\"pMemo2\":\"pMemo2\",\"pMemo3\":\"pMemo3\",\"pS2SUrl\":\"http://121.41.96.64:8080/front/PaymentAction/transferCBSys\"}'),(357,0,'2015-02-28 16:54:28',18,'200_199',10,'1000.83','\0','{\"pWebUrl\":\"http://121.41.96.64:8080/front/PaymentAction/repaymentNewTradeCB\",\"type\":10,\"memberId\":\"7\",\"pMerBillNo\":\"200\",\"platformId\":\"18\",\"domain\":\"10040011137\",\"pMemo1\":\"pMemo1\",\"pMemo2\":\"pMemo2\",\"pMemo3\":\"200\",\"pS2SUrl\":\"http://121.41.96.64:8080/front/PaymentAction/repaymentNewTradeCBSys\"}'),(358,7,'2015-02-28 16:54:28',18,'200',10,'1000.83','\0','{\"pWebUrl\":\"http://121.41.96.64:8080/front/PaymentAction/repaymentNewTradeCB\",\"type\":10,\"memberId\":\"7\",\"pMerBillNo\":\"200\",\"platformId\":\"18\",\"domain\":\"10040011137\",\"pMemo1\":\"pMemo1\",\"pMemo2\":\"pMemo2\",\"pMemo3\":\"200\",\"pS2SUrl\":\"http://121.41.96.64:8080/front/PaymentAction/repaymentNewTradeCBSys\"}'),(359,2,'2015-02-28 20:20:23',18,'203',3,'1000.00','','{\"pWebUrl\":\"http://121.41.96.64:8080/front/PaymentAction/registerCreditorCB\",\"type\":3,\"memberId\":\"2\",\"pMerBillNo\":\"203\",\"platformId\":\"18\",\"domain\":\"10040011137\",\"pMemo1\":\"pMemo1\",\"pMemo2\":\"pMemo2\",\"pMemo3\":\"pMemo3\",\"pS2SUrl\":\"http://121.41.96.64:8080/front/PaymentAction/registerCreditorCBSys\"}'),(360,3,'2015-03-01 11:04:17',18,'212',3,'1000.00','','{\"pWebUrl\":\"http://121.41.96.64:8080/front/PaymentAction/registerCreditorCB\",\"type\":3,\"memberId\":\"3\",\"pMerBillNo\":\"212\",\"platformId\":\"18\",\"domain\":\"10040011137\",\"pMemo1\":\"pMemo1\",\"pMemo2\":\"pMemo2\",\"pMemo3\":\"pMemo3\",\"pS2SUrl\":\"http://121.41.96.64:8080/front/PaymentAction/registerCreditorCBSys\"}'),(361,3,'2015-03-01 11:05:12',18,'213',3,'1000.00','','{\"pWebUrl\":\"http://121.41.96.64:8080/front/PaymentAction/registerCreditorCB\",\"type\":3,\"memberId\":\"3\",\"pMerBillNo\":\"213\",\"platformId\":\"18\",\"domain\":\"10040011137\",\"pMemo1\":\"pMemo1\",\"pMemo2\":\"pMemo2\",\"pMemo3\":\"pMemo3\",\"pS2SUrl\":\"http://121.41.96.64:8080/front/PaymentAction/registerCreditorCBSys\"}'),(362,0,'2015-03-01 11:06:19',18,'209_213',36,'1000.00','','{\"pWebUrl\":\"\",\"type\":9,\"memberId\":\"1\",\"pMerBillNo\":\"209\",\"platformId\":\"18\",\"domain\":\"10040011137\",\"pMemo1\":\"pMemo1\",\"pMemo2\":\"pMemo2\",\"pMemo3\":\"pMemo3\",\"pS2SUrl\":\"http://121.41.96.64:8080/front/PaymentAction/transferCBSys\"}'),(363,1,'2015-03-01 11:06:19',18,'209',9,'1000.00','','{\"pWebUrl\":\"\",\"type\":9,\"memberId\":\"1\",\"pMerBillNo\":\"209\",\"platformId\":\"18\",\"domain\":\"10040011137\",\"pMemo1\":\"pMemo1\",\"pMemo2\":\"pMemo2\",\"pMemo3\":\"pMemo3\",\"pS2SUrl\":\"http://121.41.96.64:8080/front/PaymentAction/transferCBSys\"}'),(364,0,'2015-03-01 11:07:53',18,'214_213',10,'84.24','\0','{\"pWebUrl\":\"http://121.41.96.64:8080/front/PaymentAction/repaymentNewTradeCB\",\"type\":10,\"memberId\":\"2\",\"pMerBillNo\":\"214\",\"platformId\":\"18\",\"domain\":\"10040011137\",\"pMemo1\":\"pMemo1\",\"pMemo2\":\"pMemo2\",\"pMemo3\":\"214\",\"pS2SUrl\":\"http://121.41.96.64:8080/front/PaymentAction/repaymentNewTradeCBSys\"}'),(365,2,'2015-03-01 11:07:53',18,'214',10,'84.24','\0','{\"pWebUrl\":\"http://121.41.96.64:8080/front/PaymentAction/repaymentNewTradeCB\",\"type\":10,\"memberId\":\"2\",\"pMerBillNo\":\"214\",\"platformId\":\"18\",\"domain\":\"10040011137\",\"pMemo1\":\"pMemo1\",\"pMemo2\":\"pMemo2\",\"pMemo3\":\"214\",\"pS2SUrl\":\"http://121.41.96.64:8080/front/PaymentAction/repaymentNewTradeCBSys\"}'),(366,0,'2015-03-01 11:08:10',18,'215_213',10,'84.24','\0','{\"pWebUrl\":\"http://121.41.96.64:8080/front/PaymentAction/repaymentNewTradeCB\",\"type\":10,\"memberId\":\"2\",\"pMerBillNo\":\"215\",\"platformId\":\"18\",\"domain\":\"10040011137\",\"pMemo1\":\"pMemo1\",\"pMemo2\":\"pMemo2\",\"pMemo3\":\"215\",\"pS2SUrl\":\"http://121.41.96.64:8080/front/PaymentAction/repaymentNewTradeCBSys\"}'),(367,2,'2015-03-01 11:08:10',18,'215',10,'84.24','\0','{\"pWebUrl\":\"http://121.41.96.64:8080/front/PaymentAction/repaymentNewTradeCB\",\"type\":10,\"memberId\":\"2\",\"pMerBillNo\":\"215\",\"platformId\":\"18\",\"domain\":\"10040011137\",\"pMemo1\":\"pMemo1\",\"pMemo2\":\"pMemo2\",\"pMemo3\":\"215\",\"pS2SUrl\":\"http://121.41.96.64:8080/front/PaymentAction/repaymentNewTradeCBSys\"}'),(368,3,'2015-03-01 11:12:42',18,'219',3,'100.00','','{\"pWebUrl\":\"http://121.41.96.64:8080/front/PaymentAction/registerCreditorCB\",\"type\":3,\"memberId\":\"3\",\"pMerBillNo\":\"219\",\"platformId\":\"18\",\"domain\":\"10040011137\",\"pMemo1\":\"pMemo1\",\"pMemo2\":\"pMemo2\",\"pMemo3\":\"pMemo3\",\"pS2SUrl\":\"http://121.41.96.64:8080/front/PaymentAction/registerCreditorCBSys\"}'),(369,3,'2015-03-01 11:12:55',18,'220',3,'900.00','','{\"pWebUrl\":\"http://121.41.96.64:8080/front/PaymentAction/registerCreditorCB\",\"type\":3,\"memberId\":\"3\",\"pMerBillNo\":\"220\",\"platformId\":\"18\",\"domain\":\"10040011137\",\"pMemo1\":\"pMemo1\",\"pMemo2\":\"pMemo2\",\"pMemo3\":\"pMemo3\",\"pS2SUrl\":\"http://121.41.96.64:8080/front/PaymentAction/registerCreditorCBSys\"}'),(370,0,'2015-03-01 11:14:21',18,'216_219',36,'100.00','','{\"pWebUrl\":\"\",\"type\":9,\"memberId\":\"1\",\"pMerBillNo\":\"216\",\"platformId\":\"18\",\"domain\":\"10040011137\",\"pMemo1\":\"pMemo1\",\"pMemo2\":\"pMemo2\",\"pMemo3\":\"pMemo3\",\"pS2SUrl\":\"http://121.41.96.64:8080/front/PaymentAction/transferCBSys\"}'),(371,0,'2015-03-01 11:14:21',18,'216_220',36,'900.00','','{\"pWebUrl\":\"\",\"type\":9,\"memberId\":\"1\",\"pMerBillNo\":\"216\",\"platformId\":\"18\",\"domain\":\"10040011137\",\"pMemo1\":\"pMemo1\",\"pMemo2\":\"pMemo2\",\"pMemo3\":\"pMemo3\",\"pS2SUrl\":\"http://121.41.96.64:8080/front/PaymentAction/transferCBSys\"}'),(372,1,'2015-03-01 11:14:21',18,'216',9,'1000.00','','{\"pWebUrl\":\"\",\"type\":9,\"memberId\":\"1\",\"pMerBillNo\":\"216\",\"platformId\":\"18\",\"domain\":\"10040011137\",\"pMemo1\":\"pMemo1\",\"pMemo2\":\"pMemo2\",\"pMemo3\":\"pMemo3\",\"pS2SUrl\":\"http://121.41.96.64:8080/front/PaymentAction/transferCBSys\"}'),(373,0,'2015-03-01 11:15:09',18,'221_219',10,'8.35','\0','{\"pWebUrl\":\"http://121.41.96.64:8080/front/PaymentAction/repaymentNewTradeCB\",\"type\":10,\"memberId\":\"2\",\"pMerBillNo\":\"221\",\"platformId\":\"18\",\"domain\":\"10040011137\",\"pMemo1\":\"pMemo1\",\"pMemo2\":\"pMemo2\",\"pMemo3\":\"221\",\"pS2SUrl\":\"http://121.41.96.64:8080/front/PaymentAction/repaymentNewTradeCBSys\"}'),(374,0,'2015-03-01 11:15:09',18,'221_220',10,'76.34','\0','{\"pWebUrl\":\"http://121.41.96.64:8080/front/PaymentAction/repaymentNewTradeCB\",\"type\":10,\"memberId\":\"2\",\"pMerBillNo\":\"221\",\"platformId\":\"18\",\"domain\":\"10040011137\",\"pMemo1\":\"pMemo1\",\"pMemo2\":\"pMemo2\",\"pMemo3\":\"221\",\"pS2SUrl\":\"http://121.41.96.64:8080/front/PaymentAction/repaymentNewTradeCBSys\"}'),(375,2,'2015-03-01 11:15:09',18,'221',10,'84.69','\0','{\"pWebUrl\":\"http://121.41.96.64:8080/front/PaymentAction/repaymentNewTradeCB\",\"type\":10,\"memberId\":\"2\",\"pMerBillNo\":\"221\",\"platformId\":\"18\",\"domain\":\"10040011137\",\"pMemo1\":\"pMemo1\",\"pMemo2\":\"pMemo2\",\"pMemo3\":\"221\",\"pS2SUrl\":\"http://121.41.96.64:8080/front/PaymentAction/repaymentNewTradeCBSys\"}'),(376,0,'2015-03-01 11:15:25',18,'222_219',10,'8.47','\0','{\"pWebUrl\":\"http://121.41.96.64:8080/front/PaymentAction/repaymentNewTradeCB\",\"type\":10,\"memberId\":\"2\",\"pMerBillNo\":\"222\",\"platformId\":\"18\",\"domain\":\"10040011137\",\"pMemo1\":\"pMemo1\",\"pMemo2\":\"pMemo2\",\"pMemo3\":\"222\",\"pS2SUrl\":\"http://121.41.96.64:8080/front/PaymentAction/repaymentNewTradeCBSys\"}'),(377,0,'2015-03-01 11:15:25',18,'222_220',10,'76.22','\0','{\"pWebUrl\":\"http://121.41.96.64:8080/front/PaymentAction/repaymentNewTradeCB\",\"type\":10,\"memberId\":\"2\",\"pMerBillNo\":\"222\",\"platformId\":\"18\",\"domain\":\"10040011137\",\"pMemo1\":\"pMemo1\",\"pMemo2\":\"pMemo2\",\"pMemo3\":\"222\",\"pS2SUrl\":\"http://121.41.96.64:8080/front/PaymentAction/repaymentNewTradeCBSys\"}'),(378,2,'2015-03-01 11:15:25',18,'222',10,'84.69','\0','{\"pWebUrl\":\"http://121.41.96.64:8080/front/PaymentAction/repaymentNewTradeCB\",\"type\":10,\"memberId\":\"2\",\"pMerBillNo\":\"222\",\"platformId\":\"18\",\"domain\":\"10040011137\",\"pMemo1\":\"pMemo1\",\"pMemo2\":\"pMemo2\",\"pMemo3\":\"222\",\"pS2SUrl\":\"http://121.41.96.64:8080/front/PaymentAction/repaymentNewTradeCBSys\"}'),(379,12,'2015-03-02 09:32:53',18,'226',32,'100.00','\0','{\"pWebUrl\":\"http://121.41.96.64:8080/front/PaymentAction/transferUserToMerCB\",\"type\":32,\"memberId\":\"12\",\"pMerBillNo\":\"226\",\"platformId\":\"18\",\"domain\":\"10040011137\",\"pMemo1\":\"12\",\"pMemo2\":\"\",\"pMemo3\":\"\",\"pS2SUrl\":\"http://121.41.96.64:8080/front/PaymentAction/transferUserToMerCBSys\",\"amount\":\"100.00\"}'),(380,16,'2015-03-02 09:36:05',18,'227',3,'1500.00','','{\"pWebUrl\":\"http://121.41.96.64:8080/front/PaymentAction/registerCreditorCB\",\"type\":3,\"memberId\":\"16\",\"pMerBillNo\":\"227\",\"platformId\":\"18\",\"domain\":\"10040011137\",\"pMemo1\":\"pMemo1\",\"pMemo2\":\"pMemo2\",\"pMemo3\":\"pMemo3\",\"pS2SUrl\":\"http://121.41.96.64:8080/front/PaymentAction/registerCreditorCBSys\"}'),(381,16,'2015-03-02 10:02:32',18,'231',3,'1800.00','','{\"pWebUrl\":\"http://121.41.96.64:8080/front/PaymentAction/registerCreditorCB\",\"type\":3,\"memberId\":\"16\",\"pMerBillNo\":\"231\",\"platformId\":\"18\",\"domain\":\"10040011137\",\"pMemo1\":\"pMemo1\",\"pMemo2\":\"pMemo2\",\"pMemo3\":\"pMemo3\",\"pS2SUrl\":\"http://121.41.96.64:8080/front/PaymentAction/registerCreditorCBSys\"}'),(382,0,'2015-03-02 10:11:11',18,'228_231',36,'1800.00','','{\"pWebUrl\":\"\",\"type\":9,\"memberId\":\"1\",\"pMerBillNo\":\"228\",\"platformId\":\"18\",\"domain\":\"10040011137\",\"pMemo1\":\"pMemo1\",\"pMemo2\":\"pMemo2\",\"pMemo3\":\"pMemo3\",\"pS2SUrl\":\"http://121.41.96.64:8080/front/PaymentAction/transferCBSys\"}'),(383,1,'2015-03-02 10:11:11',18,'228',9,'1800.00','','{\"pWebUrl\":\"\",\"type\":9,\"memberId\":\"1\",\"pMerBillNo\":\"228\",\"platformId\":\"18\",\"domain\":\"10040011137\",\"pMemo1\":\"pMemo1\",\"pMemo2\":\"pMemo2\",\"pMemo3\":\"pMemo3\",\"pS2SUrl\":\"http://121.41.96.64:8080/front/PaymentAction/transferCBSys\"}'),(384,2,'2015-03-02 10:24:21',18,'237',32,'50.00','\0','{\"pWebUrl\":\"http://121.41.96.64:8080/front/PaymentAction/transferUserToMerCB\",\"type\":32,\"memberId\":\"2\",\"pMerBillNo\":\"237\",\"platformId\":\"18\",\"domain\":\"10040011137\",\"pMemo1\":\"2\",\"pMemo2\":\"\",\"pMemo3\":\"\",\"pS2SUrl\":\"http://121.41.96.64:8080/front/PaymentAction/transferUserToMerCBSys\",\"amount\":\"50.00\"}'),(385,3,'2015-03-02 10:26:25',18,'239',3,'100.00','','{\"pWebUrl\":\"http://121.41.96.64:8080/front/PaymentAction/registerCreditorCB\",\"type\":3,\"memberId\":\"3\",\"pMerBillNo\":\"239\",\"platformId\":\"18\",\"domain\":\"10040011137\",\"pMemo1\":\"pMemo1\",\"pMemo2\":\"pMemo2\",\"pMemo3\":\"pMemo3\",\"pS2SUrl\":\"http://121.41.96.64:8080/front/PaymentAction/registerCreditorCBSys\"}'),(386,3,'2015-03-02 10:26:38',18,'240',3,'900.00','','{\"pWebUrl\":\"http://121.41.96.64:8080/front/PaymentAction/registerCreditorCB\",\"type\":3,\"memberId\":\"3\",\"pMerBillNo\":\"240\",\"platformId\":\"18\",\"domain\":\"10040011137\",\"pMemo1\":\"pMemo1\",\"pMemo2\":\"pMemo2\",\"pMemo3\":\"pMemo3\",\"pS2SUrl\":\"http://121.41.96.64:8080/front/PaymentAction/registerCreditorCBSys\"}'),(387,0,'2015-03-02 10:27:02',18,'235_239',36,'100.00','','{\"pWebUrl\":\"\",\"type\":9,\"memberId\":\"1\",\"pMerBillNo\":\"235\",\"platformId\":\"18\",\"domain\":\"10040011137\",\"pMemo1\":\"pMemo1\",\"pMemo2\":\"pMemo2\",\"pMemo3\":\"pMemo3\",\"pS2SUrl\":\"http://121.41.96.64:8080/front/PaymentAction/transferCBSys\"}'),(388,0,'2015-03-02 10:27:02',18,'235_240',36,'900.00','','{\"pWebUrl\":\"\",\"type\":9,\"memberId\":\"1\",\"pMerBillNo\":\"235\",\"platformId\":\"18\",\"domain\":\"10040011137\",\"pMemo1\":\"pMemo1\",\"pMemo2\":\"pMemo2\",\"pMemo3\":\"pMemo3\",\"pS2SUrl\":\"http://121.41.96.64:8080/front/PaymentAction/transferCBSys\"}'),(389,1,'2015-03-02 10:27:02',18,'235',9,'1000.00','','{\"pWebUrl\":\"\",\"type\":9,\"memberId\":\"1\",\"pMerBillNo\":\"235\",\"platformId\":\"18\",\"domain\":\"10040011137\",\"pMemo1\":\"pMemo1\",\"pMemo2\":\"pMemo2\",\"pMemo3\":\"pMemo3\",\"pS2SUrl\":\"http://121.41.96.64:8080/front/PaymentAction/transferCBSys\"}'),(390,3,'2015-03-02 10:27:04',18,'241a1',33,'5.00','\0','{\"pWebUrl\":\"\",\"type\":33,\"memberId\":\"0\",\"pMerBillNo\":\"241\",\"platformId\":\"18\",\"domain\":\"10040011137\",\"pMemo1\":\"241\",\"pMemo2\":\"\",\"pMemo3\":\"\",\"pS2SUrl\":\"http://121.41.96.64:8080/front/PaymentAction/transferMerToUserCBSys\"}'),(391,3,'2015-03-02 10:27:04',18,'241a2',33,'45.00','\0','{\"pWebUrl\":\"\",\"type\":33,\"memberId\":\"0\",\"pMerBillNo\":\"241\",\"platformId\":\"18\",\"domain\":\"10040011137\",\"pMemo1\":\"241\",\"pMemo2\":\"\",\"pMemo3\":\"\",\"pS2SUrl\":\"http://121.41.96.64:8080/front/PaymentAction/transferMerToUserCBSys\"}'),(392,0,'2015-03-02 10:27:23',18,'245_239',10,'8.29','\0','{\"pWebUrl\":\"http://121.41.96.64:8080/front/PaymentAction/repaymentNewTradeCB\",\"type\":10,\"memberId\":\"2\",\"pMerBillNo\":\"245\",\"platformId\":\"18\",\"domain\":\"10040011137\",\"pMemo1\":\"pMemo1\",\"pMemo2\":\"pMemo2\",\"pMemo3\":\"245\",\"pS2SUrl\":\"http://121.41.96.64:8080/front/PaymentAction/repaymentNewTradeCBSys\"}'),(393,0,'2015-03-02 10:27:23',18,'245_240',10,'75.50','\0','{\"pWebUrl\":\"http://121.41.96.64:8080/front/PaymentAction/repaymentNewTradeCB\",\"type\":10,\"memberId\":\"2\",\"pMerBillNo\":\"245\",\"platformId\":\"18\",\"domain\":\"10040011137\",\"pMemo1\":\"pMemo1\",\"pMemo2\":\"pMemo2\",\"pMemo3\":\"245\",\"pS2SUrl\":\"http://121.41.96.64:8080/front/PaymentAction/repaymentNewTradeCBSys\"}'),(394,2,'2015-03-02 10:27:23',18,'245',10,'83.79','\0','{\"pWebUrl\":\"http://121.41.96.64:8080/front/PaymentAction/repaymentNewTradeCB\",\"type\":10,\"memberId\":\"2\",\"pMerBillNo\":\"245\",\"platformId\":\"18\",\"domain\":\"10040011137\",\"pMemo1\":\"pMemo1\",\"pMemo2\":\"pMemo2\",\"pMemo3\":\"245\",\"pS2SUrl\":\"http://121.41.96.64:8080/front/PaymentAction/repaymentNewTradeCBSys\"}'),(395,16,'2015-03-02 10:44:24',18,'246',3,'9000.00','','{\"pWebUrl\":\"http://121.41.96.64:8080/front/PaymentAction/registerCreditorCB\",\"type\":3,\"memberId\":\"16\",\"pMerBillNo\":\"246\",\"platformId\":\"18\",\"domain\":\"10040011137\",\"pMemo1\":\"pMemo1\",\"pMemo2\":\"pMemo2\",\"pMemo3\":\"pMemo3\",\"pS2SUrl\":\"http://121.41.96.64:8080/front/PaymentAction/registerCreditorCBSys\"}'),(396,0,'2015-03-02 10:48:32',18,'242_246',36,'9000.00','','{\"pWebUrl\":\"\",\"type\":9,\"memberId\":\"1\",\"pMerBillNo\":\"242\",\"platformId\":\"18\",\"domain\":\"10040011137\",\"pMemo1\":\"pMemo1\",\"pMemo2\":\"pMemo2\",\"pMemo3\":\"pMemo3\",\"pS2SUrl\":\"http://121.41.96.64:8080/front/PaymentAction/transferCBSys\"}'),(397,1,'2015-03-02 10:48:32',18,'242',9,'9000.00','','{\"pWebUrl\":\"\",\"type\":9,\"memberId\":\"1\",\"pMerBillNo\":\"242\",\"platformId\":\"18\",\"domain\":\"10040011137\",\"pMemo1\":\"pMemo1\",\"pMemo2\":\"pMemo2\",\"pMemo3\":\"pMemo3\",\"pS2SUrl\":\"http://121.41.96.64:8080/front/PaymentAction/transferCBSys\"}'),(398,0,'2015-03-02 11:04:22',18,'247_126',10,'2568.22','\0','{\"pWebUrl\":\"http://121.41.96.64:8080/front/PaymentAction/repaymentNewTradeCB\",\"type\":10,\"memberId\":\"12\",\"pMerBillNo\":\"247\",\"platformId\":\"18\",\"domain\":\"10040011137\",\"pMemo1\":\"pMemo1\",\"pMemo2\":\"pMemo2\",\"pMemo3\":\"247\",\"pS2SUrl\":\"http://121.41.96.64:8080/front/PaymentAction/repaymentNewTradeCBSys\"}'),(399,12,'2015-03-02 11:04:22',18,'247',10,'2568.22','\0','{\"pWebUrl\":\"http://121.41.96.64:8080/front/PaymentAction/repaymentNewTradeCB\",\"type\":10,\"memberId\":\"12\",\"pMerBillNo\":\"247\",\"platformId\":\"18\",\"domain\":\"10040011137\",\"pMemo1\":\"pMemo1\",\"pMemo2\":\"pMemo2\",\"pMemo3\":\"247\",\"pS2SUrl\":\"http://121.41.96.64:8080/front/PaymentAction/repaymentNewTradeCBSys\"}'),(400,16,'2015-03-02 13:58:00',18,'251',3,'5000.00','','{\"pWebUrl\":\"http://121.41.96.64:8080/front/PaymentAction/registerCreditorCB\",\"type\":3,\"memberId\":\"16\",\"pMerBillNo\":\"251\",\"platformId\":\"18\",\"domain\":\"10040011137\",\"pMemo1\":\"pMemo1\",\"pMemo2\":\"pMemo2\",\"pMemo3\":\"pMemo3\",\"pS2SUrl\":\"http://121.41.96.64:8080/front/PaymentAction/registerCreditorCBSys\"}'),(401,0,'2015-03-02 14:00:17',18,'248_251',36,'5000.00','','{\"pWebUrl\":\"\",\"type\":9,\"memberId\":\"1\",\"pMerBillNo\":\"248\",\"platformId\":\"18\",\"domain\":\"10040011137\",\"pMemo1\":\"pMemo1\",\"pMemo2\":\"pMemo2\",\"pMemo3\":\"pMemo3\",\"pS2SUrl\":\"http://121.41.96.64:8080/front/PaymentAction/transferCBSys\"}'),(402,1,'2015-03-02 14:00:17',18,'248',9,'5000.00','','{\"pWebUrl\":\"\",\"type\":9,\"memberId\":\"1\",\"pMerBillNo\":\"248\",\"platformId\":\"18\",\"domain\":\"10040011137\",\"pMemo1\":\"pMemo1\",\"pMemo2\":\"pMemo2\",\"pMemo3\":\"pMemo3\",\"pS2SUrl\":\"http://121.41.96.64:8080/front/PaymentAction/transferCBSys\"}'),(403,14,'2015-03-02 14:05:22',18,'252',3,'8000.00','','{\"pWebUrl\":\"http://121.41.96.64:8080/front/PaymentAction/registerCreditorCB\",\"type\":3,\"memberId\":\"14\",\"pMerBillNo\":\"252\",\"platformId\":\"18\",\"domain\":\"10040011137\",\"pMemo1\":\"pMemo1\",\"pMemo2\":\"pMemo2\",\"pMemo3\":\"pMemo3\",\"pS2SUrl\":\"http://121.41.96.64:8080/front/PaymentAction/registerCreditorCBSys\"}'),(404,16,'2015-03-02 14:29:38',18,'257',3,'20000.00','','{\"pWebUrl\":\"http://121.41.96.64:8080/front/PaymentAction/registerCreditorCB\",\"type\":3,\"memberId\":\"16\",\"pMerBillNo\":\"257\",\"platformId\":\"18\",\"domain\":\"10040011137\",\"pMemo1\":\"pMemo1\",\"pMemo2\":\"pMemo2\",\"pMemo3\":\"pMemo3\",\"pS2SUrl\":\"http://121.41.96.64:8080/front/PaymentAction/registerCreditorCBSys\"}'),(405,0,'2015-03-02 14:31:27',18,'254_257',36,'20000.00','','{\"pWebUrl\":\"\",\"type\":9,\"memberId\":\"1\",\"pMerBillNo\":\"254\",\"platformId\":\"18\",\"domain\":\"10040011137\",\"pMemo1\":\"pMemo1\",\"pMemo2\":\"pMemo2\",\"pMemo3\":\"pMemo3\",\"pS2SUrl\":\"http://121.41.96.64:8080/front/PaymentAction/transferCBSys\"}'),(406,1,'2015-03-02 14:31:27',18,'254',9,'20000.00','','{\"pWebUrl\":\"\",\"type\":9,\"memberId\":\"1\",\"pMerBillNo\":\"254\",\"platformId\":\"18\",\"domain\":\"10040011137\",\"pMemo1\":\"pMemo1\",\"pMemo2\":\"pMemo2\",\"pMemo3\":\"pMemo3\",\"pS2SUrl\":\"http://121.41.96.64:8080/front/PaymentAction/transferCBSys\"}'),(408,0,'2015-03-02 14:39:10',18,'258_257',10,'20166.67','\0','{\"pWebUrl\":\"http://121.41.96.64:8080/front/PaymentAction/repaymentNewTradeCB\",\"type\":10,\"memberId\":\"6\",\"pMerBillNo\":\"258\",\"platformId\":\"18\",\"domain\":\"10040011137\",\"pMemo1\":\"pMemo1\",\"pMemo2\":\"pMemo2\",\"pMemo3\":\"258\",\"pS2SUrl\":\"http://121.41.96.64:8080/front/PaymentAction/repaymentNewTradeCBSys\"}'),(409,6,'2015-03-02 14:39:10',18,'258',10,'20166.67','\0','{\"pWebUrl\":\"http://121.41.96.64:8080/front/PaymentAction/repaymentNewTradeCB\",\"type\":10,\"memberId\":\"6\",\"pMerBillNo\":\"258\",\"platformId\":\"18\",\"domain\":\"10040011137\",\"pMemo1\":\"pMemo1\",\"pMemo2\":\"pMemo2\",\"pMemo3\":\"258\",\"pS2SUrl\":\"http://121.41.96.64:8080/front/PaymentAction/repaymentNewTradeCBSys\"}'),(410,6,'2015-03-02 14:45:06',18,'259',3,'70000.00','\0','{\"pWebUrl\":\"http://121.41.96.64:8080/front/PaymentAction/registerCreditorCB\",\"type\":3,\"memberId\":\"6\",\"pMerBillNo\":\"259\",\"platformId\":\"18\",\"domain\":\"10040011137\",\"pMemo1\":\"pMemo1\",\"pMemo2\":\"pMemo2\",\"pMemo3\":\"pMemo3\",\"pS2SUrl\":\"http://121.41.96.64:8080/front/PaymentAction/registerCreditorCBSys\"}'),(411,6,'2015-03-02 14:58:32',18,'260',3,'100.00','\0','{\"pWebUrl\":\"http://121.41.96.64:8080/front/PaymentAction/registerCreditorCB\",\"type\":3,\"memberId\":\"6\",\"pMerBillNo\":\"260\",\"platformId\":\"18\",\"domain\":\"10040011137\",\"pMemo1\":\"pMemo1\",\"pMemo2\":\"pMemo2\",\"pMemo3\":\"pMemo3\",\"pS2SUrl\":\"http://121.41.96.64:8080/front/PaymentAction/registerCreditorCBSys\"}'),(412,6,'2015-03-02 14:58:45',18,'261',3,'100.00','','{\"pWebUrl\":\"http://121.41.96.64:8080/front/PaymentAction/registerCreditorCB\",\"type\":3,\"memberId\":\"6\",\"pMerBillNo\":\"261\",\"platformId\":\"18\",\"domain\":\"10040011137\",\"pMemo1\":\"pMemo1\",\"pMemo2\":\"pMemo2\",\"pMemo3\":\"pMemo3\",\"pS2SUrl\":\"http://121.41.96.64:8080/front/PaymentAction/registerCreditorCBSys\"}'),(413,13,'2015-03-02 17:01:43',18,'276',32,'10.00','\0','{\"pWebUrl\":\"http://121.41.96.64:8080/front/PaymentAction/transferUserToMerCB\",\"type\":32,\"memberId\":\"13\",\"pMerBillNo\":\"276\",\"platformId\":\"18\",\"domain\":\"10040011137\",\"pMemo1\":\"13\",\"pMemo2\":\"\",\"pMemo3\":\"\",\"pS2SUrl\":\"http://121.41.96.64:8080/front/PaymentAction/transferUserToMerCBSys\",\"amount\":\"10.00\"}'),(414,6,'2015-03-02 17:15:30',18,'279',13,'11.00','\0','{\"pWebUrl\":\"http://121.41.96.64:8080/front/PaymentAction/doDwTradeCB\",\"type\":13,\"memberId\":\"6\",\"pMerBillNo\":\"279\",\"platformId\":\"18\",\"domain\":\"10040011137\",\"pMemo1\":\"pMemo1\",\"pMemo2\":\"pMemo2\",\"pMemo3\":\"5\",\"pS2SUrl\":\"http://121.41.96.64:8080/front/PaymentAction/doDwTradeCBSys\"}'),(415,6,'2015-03-03 10:23:15',18,'280',3,'1000.00','','{\"pWebUrl\":\"http://121.41.96.64:8080/front/PaymentAction/registerCreditorCB\",\"type\":3,\"memberId\":\"6\",\"pMerBillNo\":\"280\",\"platformId\":\"18\",\"domain\":\"10040011137\",\"pMemo1\":\"pMemo1\",\"pMemo2\":\"pMemo2\",\"pMemo3\":\"pMemo3\",\"pS2SUrl\":\"http://121.41.96.64:8080/front/PaymentAction/registerCreditorCBSys\"}'),(416,8,'2015-03-03 14:30:43',18,'281',3,'100.00','\0','{\"pWebUrl\":\"http://121.41.96.64:8080/front/PaymentAction/registerCreditorCB\",\"type\":3,\"memberId\":\"8\",\"pMerBillNo\":\"281\",\"platformId\":\"18\",\"domain\":\"10040011137\",\"pMemo1\":\"pMemo1\",\"pMemo2\":\"pMemo2\",\"pMemo3\":\"pMemo3\",\"pS2SUrl\":\"http://121.41.96.64:8080/front/PaymentAction/registerCreditorCBSys\"}'),(417,16,'2015-03-03 14:30:59',18,'251b1',33,'5000.41','\0','{\"pWebUrl\":\"\",\"type\":33,\"memberId\":\"1\",\"pMerBillNo\":\"282\",\"platformId\":\"18\",\"domain\":\"10040011137\",\"pMemo1\":\"1\",\"pMemo2\":\"pMemo2\",\"pMemo3\":\"59\",\"pS2SUrl\":\"http://121.41.96.64:8080/front/PaymentAction/offlineRepaymentCBSys\"}'),(418,10,'2015-03-03 14:31:35',18,'283',3,'100.00','\0','{\"pWebUrl\":\"http://121.41.96.64:8080/front/PaymentAction/registerCreditorCB\",\"type\":3,\"memberId\":\"10\",\"pMerBillNo\":\"283\",\"platformId\":\"18\",\"domain\":\"10040011137\",\"pMemo1\":\"pMemo1\",\"pMemo2\":\"pMemo2\",\"pMemo3\":\"pMemo3\",\"pS2SUrl\":\"http://121.41.96.64:8080/front/PaymentAction/registerCreditorCBSys\"}'),(419,10,'2015-03-03 14:34:28',18,'284',3,'100.00','\0','{\"pWebUrl\":\"http://121.41.96.64:8080/front/PaymentAction/registerCreditorCB\",\"type\":3,\"memberId\":\"10\",\"pMerBillNo\":\"284\",\"platformId\":\"18\",\"domain\":\"10040011137\",\"pMemo1\":\"pMemo1\",\"pMemo2\":\"pMemo2\",\"pMemo3\":\"pMemo3\",\"pS2SUrl\":\"http://121.41.96.64:8080/front/PaymentAction/registerCreditorCBSys\"}'),(420,10,'2015-03-03 14:34:43',18,'285',3,'100.00','\0','{\"pWebUrl\":\"http://121.41.96.64:8080/front/PaymentAction/registerCreditorCB\",\"type\":3,\"memberId\":\"10\",\"pMerBillNo\":\"285\",\"platformId\":\"18\",\"domain\":\"10040011137\",\"pMemo1\":\"pMemo1\",\"pMemo2\":\"pMemo2\",\"pMemo3\":\"pMemo3\",\"pS2SUrl\":\"http://121.41.96.64:8080/front/PaymentAction/registerCreditorCBSys\"}'),(421,10,'2015-03-03 14:35:37',18,'286',3,'100.00','\0','{\"pWebUrl\":\"http://121.41.96.64:8080/front/PaymentAction/registerCreditorCB\",\"type\":3,\"memberId\":\"10\",\"pMerBillNo\":\"286\",\"platformId\":\"18\",\"domain\":\"10040011137\",\"pMemo1\":\"pMemo1\",\"pMemo2\":\"pMemo2\",\"pMemo3\":\"pMemo3\",\"pS2SUrl\":\"http://121.41.96.64:8080/front/PaymentAction/registerCreditorCBSys\"}'),(422,8,'2015-03-03 14:48:10',18,'291',3,'1000.00','','{\"pWebUrl\":\"http://121.41.96.64:8080/front/PaymentAction/registerCreditorCB\",\"type\":3,\"memberId\":\"8\",\"pMerBillNo\":\"291\",\"platformId\":\"18\",\"domain\":\"10040011137\",\"pMemo1\":\"pMemo1\",\"pMemo2\":\"pMemo2\",\"pMemo3\":\"pMemo3\",\"pS2SUrl\":\"http://121.41.96.64:8080/front/PaymentAction/registerCreditorCBSys\"}'),(423,16,'2015-03-03 14:49:33',18,'246b1',33,'9001.42','\0','{\"pWebUrl\":\"\",\"type\":33,\"memberId\":\"1\",\"pMerBillNo\":\"292\",\"platformId\":\"18\",\"domain\":\"10040011137\",\"pMemo1\":\"1\",\"pMemo2\":\"pMemo2\",\"pMemo3\":\"58\",\"pS2SUrl\":\"http://121.41.96.64:8080/front/PaymentAction/offlineRepaymentCBSys\"}'),(424,3,'2015-03-03 14:50:11',18,'239b12',33,'8.39','\0','{\"pWebUrl\":\"\",\"type\":33,\"memberId\":\"1\",\"pMerBillNo\":\"293\",\"platformId\":\"18\",\"domain\":\"10040011137\",\"pMemo1\":\"1\",\"pMemo2\":\"pMemo2\",\"pMemo3\":\"57\",\"pS2SUrl\":\"http://121.41.96.64:8080/front/PaymentAction/offlineRepaymentCBSys\"}'),(425,3,'2015-03-03 14:50:11',18,'240b12',33,'75.39','\0','{\"pWebUrl\":\"\",\"type\":33,\"memberId\":\"1\",\"pMerBillNo\":\"293\",\"platformId\":\"18\",\"domain\":\"10040011137\",\"pMemo1\":\"1\",\"pMemo2\":\"pMemo2\",\"pMemo3\":\"57\",\"pS2SUrl\":\"http://121.41.96.64:8080/front/PaymentAction/offlineRepaymentCBSys\"}'),(426,0,'2015-03-03 14:51:22',18,'288_291',36,'1000.00','','{\"pWebUrl\":\"\",\"type\":9,\"memberId\":\"1\",\"pMerBillNo\":\"288\",\"platformId\":\"18\",\"domain\":\"10040011137\",\"pMemo1\":\"pMemo1\",\"pMemo2\":\"pMemo2\",\"pMemo3\":\"pMemo3\",\"pS2SUrl\":\"http://121.41.96.64:8080/front/PaymentAction/transferCBSys\"}'),(427,1,'2015-03-03 14:51:22',18,'288',9,'1000.00','','{\"pWebUrl\":\"\",\"type\":9,\"memberId\":\"1\",\"pMerBillNo\":\"288\",\"platformId\":\"18\",\"domain\":\"10040011137\",\"pMemo1\":\"pMemo1\",\"pMemo2\":\"pMemo2\",\"pMemo3\":\"pMemo3\",\"pS2SUrl\":\"http://121.41.96.64:8080/front/PaymentAction/transferCBSys\"}'),(428,0,'2015-03-03 14:51:35',18,'294_291',10,'1000.28','\0','{\"pWebUrl\":\"http://121.41.96.64:8080/front/PaymentAction/repaymentNewTradeCB\",\"type\":10,\"memberId\":\"7\",\"pMerBillNo\":\"294\",\"platformId\":\"18\",\"domain\":\"10040011137\",\"pMemo1\":\"pMemo1\",\"pMemo2\":\"pMemo2\",\"pMemo3\":\"294\",\"pS2SUrl\":\"http://121.41.96.64:8080/front/PaymentAction/repaymentNewTradeCBSys\"}'),(429,7,'2015-03-03 14:51:35',18,'294',10,'1000.28','\0','{\"pWebUrl\":\"http://121.41.96.64:8080/front/PaymentAction/repaymentNewTradeCB\",\"type\":10,\"memberId\":\"7\",\"pMerBillNo\":\"294\",\"platformId\":\"18\",\"domain\":\"10040011137\",\"pMemo1\":\"pMemo1\",\"pMemo2\":\"pMemo2\",\"pMemo3\":\"294\",\"pS2SUrl\":\"http://121.41.96.64:8080/front/PaymentAction/repaymentNewTradeCBSys\"}'),(430,7,'2015-03-03 14:52:46',18,'295',32,'9.00','\0','{\"pWebUrl\":\"http://121.41.96.64:8080/front/PaymentAction/transferUserToMerCB\",\"type\":32,\"memberId\":\"7\",\"pMerBillNo\":\"295\",\"platformId\":\"18\",\"domain\":\"10040011137\",\"pMemo1\":\"7\",\"pMemo2\":\"\",\"pMemo3\":\"\",\"pS2SUrl\":\"http://121.41.96.64:8080/front/PaymentAction/transferUserToMerCBSys\",\"amount\":\"9.00\"}'),(431,6,'2015-03-03 16:34:22',18,'296',3,'20000.00','\0','{\"pWebUrl\":\"http://121.41.96.64:8080/front/PaymentAction/registerCreditorCB\",\"type\":3,\"memberId\":\"6\",\"pMerBillNo\":\"296\",\"platformId\":\"18\",\"domain\":\"10040011137\",\"pMemo1\":\"pMemo1\",\"pMemo2\":\"pMemo2\",\"pMemo3\":\"pMemo3\",\"pS2SUrl\":\"http://121.41.96.64:8080/front/PaymentAction/registerCreditorCBSys\"}'),(432,16,'2015-03-04 09:52:48',18,'297',3,'10000.00','','{\"pWebUrl\":\"http://121.41.96.64:8080/front/PaymentAction/registerCreditorCB\",\"type\":3,\"memberId\":\"16\",\"pMerBillNo\":\"297\",\"platformId\":\"18\",\"domain\":\"10040011137\",\"pMemo1\":\"pMemo1\",\"pMemo2\":\"pMemo2\",\"pMemo3\":\"pMemo3\",\"pS2SUrl\":\"http://121.41.96.64:8080/front/PaymentAction/registerCreditorCBSys\"}'),(433,0,'2015-03-04 09:54:45',18,'131_297',36,'10000.00','','{\"pWebUrl\":\"\",\"type\":9,\"memberId\":\"1\",\"pMerBillNo\":\"131\",\"platformId\":\"18\",\"domain\":\"10040011137\",\"pMemo1\":\"pMemo1\",\"pMemo2\":\"pMemo2\",\"pMemo3\":\"pMemo3\",\"pS2SUrl\":\"http://121.41.96.64:8080/front/PaymentAction/transferCBSys\"}'),(434,1,'2015-03-04 09:54:45',18,'131',9,'10000.00','','{\"pWebUrl\":\"\",\"type\":9,\"memberId\":\"1\",\"pMerBillNo\":\"131\",\"platformId\":\"18\",\"domain\":\"10040011137\",\"pMemo1\":\"pMemo1\",\"pMemo2\":\"pMemo2\",\"pMemo3\":\"pMemo3\",\"pS2SUrl\":\"http://121.41.96.64:8080/front/PaymentAction/transferCBSys\"}'),(435,0,'2015-03-04 09:55:06',18,'298_297',10,'10041.67','\0','{\"pWebUrl\":\"http://121.41.96.64:8080/front/PaymentAction/repaymentNewTradeCB\",\"type\":10,\"memberId\":\"6\",\"pMerBillNo\":\"298\",\"platformId\":\"18\",\"domain\":\"10040011137\",\"pMemo1\":\"pMemo1\",\"pMemo2\":\"pMemo2\",\"pMemo3\":\"298\",\"pS2SUrl\":\"http://121.41.96.64:8080/front/PaymentAction/repaymentNewTradeCBSys\"}'),(436,6,'2015-03-04 09:55:06',18,'298',10,'10041.67','\0','{\"pWebUrl\":\"http://121.41.96.64:8080/front/PaymentAction/repaymentNewTradeCB\",\"type\":10,\"memberId\":\"6\",\"pMerBillNo\":\"298\",\"platformId\":\"18\",\"domain\":\"10040011137\",\"pMemo1\":\"pMemo1\",\"pMemo2\":\"pMemo2\",\"pMemo3\":\"298\",\"pS2SUrl\":\"http://121.41.96.64:8080/front/PaymentAction/repaymentNewTradeCBSys\"}'),(437,0,'2015-03-04 10:44:40',18,'299_126',10,'2568.22','\0','{\"pWebUrl\":\"http://121.41.96.64:8080/front/PaymentAction/repaymentNewTradeCB\",\"type\":10,\"memberId\":\"12\",\"pMerBillNo\":\"299\",\"platformId\":\"18\",\"domain\":\"10040011137\",\"pMemo1\":\"pMemo1\",\"pMemo2\":\"pMemo2\",\"pMemo3\":\"299\",\"pS2SUrl\":\"http://121.41.96.64:8080/front/PaymentAction/repaymentNewTradeCBSys\"}'),(438,12,'2015-03-04 10:44:40',18,'299',10,'2568.22','\0','{\"pWebUrl\":\"http://121.41.96.64:8080/front/PaymentAction/repaymentNewTradeCB\",\"type\":10,\"memberId\":\"12\",\"pMerBillNo\":\"299\",\"platformId\":\"18\",\"domain\":\"10040011137\",\"pMemo1\":\"pMemo1\",\"pMemo2\":\"pMemo2\",\"pMemo3\":\"299\",\"pS2SUrl\":\"http://121.41.96.64:8080/front/PaymentAction/repaymentNewTradeCBSys\"}'),(439,12,'2015-03-04 10:47:20',18,'300',3,'100.00','\0','{\"pWebUrl\":\"http://121.41.96.64:8080/front/PaymentAction/registerCreditorCB\",\"type\":3,\"memberId\":\"12\",\"pMerBillNo\":\"300\",\"platformId\":\"18\",\"domain\":\"10040011137\",\"pMemo1\":\"pMemo1\",\"pMemo2\":\"pMemo2\",\"pMemo3\":\"pMemo3\",\"pS2SUrl\":\"http://121.41.96.64:8080/front/PaymentAction/registerCreditorCBSys\"}'),(440,12,'2015-03-04 11:11:45',18,'303',32,'100.00','\0','{\"pWebUrl\":\"http://121.41.96.64:8080/front/PaymentAction/transferUserToMerCB\",\"type\":32,\"memberId\":\"12\",\"pMerBillNo\":\"303\",\"platformId\":\"18\",\"domain\":\"10040011137\",\"pMemo1\":\"12\",\"pMemo2\":\"\",\"pMemo3\":\"\",\"pS2SUrl\":\"http://121.41.96.64:8080/front/PaymentAction/transferUserToMerCBSys\",\"amount\":\"100.00\"}'),(441,6,'2015-03-04 11:19:19',18,'305',3,'30000.00','','{\"pWebUrl\":\"http://121.41.96.64:8080/front/PaymentAction/registerCreditorCB\",\"type\":3,\"memberId\":\"6\",\"pMerBillNo\":\"305\",\"platformId\":\"18\",\"domain\":\"10040011137\",\"pMemo1\":\"pMemo1\",\"pMemo2\":\"pMemo2\",\"pMemo3\":\"pMemo3\",\"pS2SUrl\":\"http://121.41.96.64:8080/front/PaymentAction/registerCreditorCBSys\"}'),(442,0,'2015-03-04 11:20:31',18,'301_305',36,'30000.00','','{\"pWebUrl\":\"\",\"type\":9,\"memberId\":\"1\",\"pMerBillNo\":\"301\",\"platformId\":\"18\",\"domain\":\"10040011137\",\"pMemo1\":\"pMemo1\",\"pMemo2\":\"pMemo2\",\"pMemo3\":\"pMemo3\",\"pS2SUrl\":\"http://121.41.96.64:8080/front/PaymentAction/transferCBSys\"}'),(443,1,'2015-03-04 11:20:31',18,'301',9,'30000.00','','{\"pWebUrl\":\"\",\"type\":9,\"memberId\":\"1\",\"pMerBillNo\":\"301\",\"platformId\":\"18\",\"domain\":\"10040011137\",\"pMemo1\":\"pMemo1\",\"pMemo2\":\"pMemo2\",\"pMemo3\":\"pMemo3\",\"pS2SUrl\":\"http://121.41.96.64:8080/front/PaymentAction/transferCBSys\"}'),(444,6,'2015-03-04 11:20:32',18,'306a1',33,'100.00','\0','{\"pWebUrl\":\"\",\"type\":33,\"memberId\":\"0\",\"pMerBillNo\":\"306\",\"platformId\":\"18\",\"domain\":\"10040011137\",\"pMemo1\":\"306\",\"pMemo2\":\"\",\"pMemo3\":\"\",\"pS2SUrl\":\"http://121.41.96.64:8080/front/PaymentAction/transferMerToUserCBSys\"}'),(445,0,'2015-03-04 11:23:53',18,'307_305',10,'30075.00','\0','{\"pWebUrl\":\"http://121.41.96.64:8080/front/PaymentAction/repaymentNewTradeCB\",\"type\":10,\"memberId\":\"12\",\"pMerBillNo\":\"307\",\"platformId\":\"18\",\"domain\":\"10040011137\",\"pMemo1\":\"pMemo1\",\"pMemo2\":\"pMemo2\",\"pMemo3\":\"307\",\"pS2SUrl\":\"http://121.41.96.64:8080/front/PaymentAction/repaymentNewTradeCBSys\"}'),(446,12,'2015-03-04 11:23:53',18,'307',10,'30075.00','\0','{\"pWebUrl\":\"http://121.41.96.64:8080/front/PaymentAction/repaymentNewTradeCB\",\"type\":10,\"memberId\":\"12\",\"pMerBillNo\":\"307\",\"platformId\":\"18\",\"domain\":\"10040011137\",\"pMemo1\":\"pMemo1\",\"pMemo2\":\"pMemo2\",\"pMemo3\":\"307\",\"pS2SUrl\":\"http://121.41.96.64:8080/front/PaymentAction/repaymentNewTradeCBSys\"}'),(447,6,'2015-03-04 13:45:01',18,'310',32,'55.00','\0','{\"pWebUrl\":\"http://121.41.96.64:8080/front/PaymentAction/transferUserToMerCB\",\"type\":32,\"memberId\":\"6\",\"pMerBillNo\":\"310\",\"platformId\":\"18\",\"domain\":\"10040011137\",\"pMemo1\":\"6\",\"pMemo2\":\"\",\"pMemo3\":\"\",\"pS2SUrl\":\"http://121.41.96.64:8080/front/PaymentAction/transferUserToMerCBSys\",\"amount\":\"55.00\"}'),(448,6,'2015-03-04 15:26:35',18,'313',3,'20000.00','\0','{\"pWebUrl\":\"http://121.41.96.64:8080/front/PaymentAction/registerCreditorCB\",\"type\":3,\"memberId\":\"6\",\"pMerBillNo\":\"313\",\"platformId\":\"18\",\"domain\":\"10040011137\",\"pMemo1\":\"pMemo1\",\"pMemo2\":\"pMemo2\",\"pMemo3\":\"pMemo3\",\"pS2SUrl\":\"http://121.41.96.64:8080/front/PaymentAction/registerCreditorCBSys\"}'),(449,6,'2015-03-05 09:47:01',18,'316',32,'56.00','\0','{\"pWebUrl\":\"http://121.41.96.64:8080/front/PaymentAction/transferUserToMerCB\",\"type\":32,\"memberId\":\"6\",\"pMerBillNo\":\"316\",\"platformId\":\"18\",\"domain\":\"10040011137\",\"pMemo1\":\"6\",\"pMemo2\":\"\",\"pMemo3\":\"\",\"pS2SUrl\":\"http://121.41.96.64:8080/front/PaymentAction/transferUserToMerCBSys\",\"amount\":\"56.00\"}'),(450,12,'2015-03-05 09:50:20',18,'319',32,'100.00','\0','{\"pWebUrl\":\"http://121.41.96.64:8080/front/PaymentAction/transferUserToMerCB\",\"type\":32,\"memberId\":\"12\",\"pMerBillNo\":\"319\",\"platformId\":\"18\",\"domain\":\"10040011137\",\"pMemo1\":\"12\",\"pMemo2\":\"\",\"pMemo3\":\"\",\"pS2SUrl\":\"http://121.41.96.64:8080/front/PaymentAction/transferUserToMerCBSys\",\"amount\":\"100.00\"}'),(451,22,'2015-03-05 10:16:15',18,'329',3,'20000.00','','{\"pWebUrl\":\"http://121.41.96.64:8080/front/PaymentAction/registerCreditorCB\",\"type\":3,\"memberId\":\"22\",\"pMerBillNo\":\"329\",\"platformId\":\"18\",\"domain\":\"10040011137\",\"pMemo1\":\"pMemo1\",\"pMemo2\":\"pMemo2\",\"pMemo3\":\"pMemo3\",\"pS2SUrl\":\"http://121.41.96.64:8080/front/PaymentAction/registerCreditorCBSys\"}'),(452,22,'2015-03-05 10:18:16',18,'332',3,'1000.00','','{\"pWebUrl\":\"http://121.41.96.64:8080/front/PaymentAction/registerCreditorCB\",\"type\":3,\"memberId\":\"22\",\"pMerBillNo\":\"332\",\"platformId\":\"18\",\"domain\":\"10040011137\",\"pMemo1\":\"pMemo1\",\"pMemo2\":\"pMemo2\",\"pMemo3\":\"pMemo3\",\"pS2SUrl\":\"http://121.41.96.64:8080/front/PaymentAction/registerCreditorCBSys\"}'),(453,22,'2015-03-05 10:20:18',18,'339',32,'100.00','\0','{\"pWebUrl\":\"http://121.41.96.64:8080/front/PaymentAction/transferUserToMerCB\",\"type\":32,\"memberId\":\"22\",\"pMerBillNo\":\"339\",\"platformId\":\"18\",\"domain\":\"10040011137\",\"pMemo1\":\"22\",\"pMemo2\":\"\",\"pMemo3\":\"\",\"pS2SUrl\":\"http://121.41.96.64:8080/front/PaymentAction/transferUserToMerCBSys\",\"amount\":\"100.00\"}'),(454,12,'2015-03-05 10:24:31',18,'368',3,'100000.00','','{\"pWebUrl\":\"http://121.41.96.64:8080/front/PaymentAction/registerCreditorCB\",\"type\":3,\"memberId\":\"12\",\"pMerBillNo\":\"368\",\"platformId\":\"18\",\"domain\":\"10040011137\",\"pMemo1\":\"pMemo1\",\"pMemo2\":\"pMemo2\",\"pMemo3\":\"pMemo3\",\"pS2SUrl\":\"http://121.41.96.64:8080/front/PaymentAction/registerCreditorCBSys\"}'),(455,0,'2015-03-05 10:33:11',18,'334_368',36,'100000.00','','{\"pWebUrl\":\"\",\"type\":9,\"memberId\":\"1\",\"pMerBillNo\":\"334\",\"platformId\":\"18\",\"domain\":\"10040011137\",\"pMemo1\":\"pMemo1\",\"pMemo2\":\"pMemo2\",\"pMemo3\":\"pMemo3\",\"pS2SUrl\":\"http://121.41.96.64:8080/front/PaymentAction/transferCBSys\"}'),(456,1,'2015-03-05 10:33:11',18,'334',9,'100000.00','','{\"pWebUrl\":\"\",\"type\":9,\"memberId\":\"1\",\"pMerBillNo\":\"334\",\"platformId\":\"18\",\"domain\":\"10040011137\",\"pMemo1\":\"pMemo1\",\"pMemo2\":\"pMemo2\",\"pMemo3\":\"pMemo3\",\"pS2SUrl\":\"http://121.41.96.64:8080/front/PaymentAction/transferCBSys\"}'),(457,6,'2015-03-05 10:33:12',18,'378',34,'10.00','\0','{\"pWebUrl\":\"\",\"type\":34,\"memberId\":\"6\",\"pMerBillNo\":\"378\",\"platformId\":\"18\",\"domain\":\"10040011137\",\"pMemo1\":\"transferMerToUser\",\"pMemo2\":\"\",\"pMemo3\":\"\",\"pS2SUrl\":\"pS2SUrl\"}'),(458,22,'2015-03-05 10:41:51',18,'382',32,'100.00','\0','{\"pWebUrl\":\"http://121.41.96.64:8080/front/PaymentAction/transferUserToMerCB\",\"type\":32,\"memberId\":\"22\",\"pMerBillNo\":\"382\",\"platformId\":\"18\",\"domain\":\"10040011137\",\"pMemo1\":\"22\",\"pMemo2\":\"\",\"pMemo3\":\"\",\"pS2SUrl\":\"http://121.41.96.64:8080/front/PaymentAction/transferUserToMerCBSys\",\"amount\":\"100.00\"}'),(459,7,'2015-03-05 11:06:33',18,'387',32,'200.00','\0','{\"pWebUrl\":\"http://121.41.96.64:8080/front/PaymentAction/transferUserToMerCB\",\"type\":32,\"memberId\":\"7\",\"pMerBillNo\":\"387\",\"platformId\":\"18\",\"domain\":\"10040011137\",\"pMemo1\":\"7\",\"pMemo2\":\"\",\"pMemo3\":\"\",\"pS2SUrl\":\"http://121.41.96.64:8080/front/PaymentAction/transferUserToMerCBSys\",\"amount\":\"200.00\"}'),(460,2,'2015-03-06 16:22:18',18,'392',3,'578.00','','{\"pWebUrl\":\"http://121.41.96.64:8080/front/PaymentAction/registerCreditorCB\",\"type\":3,\"memberId\":\"2\",\"pMerBillNo\":\"392\",\"platformId\":\"18\",\"domain\":\"10040011137\",\"pMemo1\":\"pMemo1\",\"pMemo2\":\"pMemo2\",\"pMemo3\":\"pMemo3\",\"pS2SUrl\":\"http://121.41.96.64:8080/front/PaymentAction/registerCreditorCBSys\"}'),(461,23,'2015-03-06 16:40:20',18,'396',3,'30000.00','','{\"pWebUrl\":\"http://121.41.96.64:8080/front/PaymentAction/registerCreditorCB\",\"type\":3,\"memberId\":\"23\",\"pMerBillNo\":\"396\",\"platformId\":\"18\",\"domain\":\"10040011137\",\"pMemo1\":\"pMemo1\",\"pMemo2\":\"pMemo2\",\"pMemo3\":\"pMemo3\",\"pS2SUrl\":\"http://121.41.96.64:8080/front/PaymentAction/registerCreditorCBSys\"}'),(462,0,'2015-03-06 16:46:53',18,'393_396',36,'30000.00','','{\"pWebUrl\":\"\",\"type\":9,\"memberId\":\"1\",\"pMerBillNo\":\"393\",\"platformId\":\"18\",\"domain\":\"10040011137\",\"pMemo1\":\"pMemo1\",\"pMemo2\":\"pMemo2\",\"pMemo3\":\"pMemo3\",\"pS2SUrl\":\"http://121.41.96.64:8080/front/PaymentAction/transferCBSys\"}'),(463,1,'2015-03-06 16:46:53',18,'393',9,'30000.00','','{\"pWebUrl\":\"\",\"type\":9,\"memberId\":\"1\",\"pMerBillNo\":\"393\",\"platformId\":\"18\",\"domain\":\"10040011137\",\"pMemo1\":\"pMemo1\",\"pMemo2\":\"pMemo2\",\"pMemo3\":\"pMemo3\",\"pS2SUrl\":\"http://121.41.96.64:8080/front/PaymentAction/transferCBSys\"}'),(464,8,'2015-03-10 14:03:09',18,'400',3,'1000.00','','{\"pWebUrl\":\"http://121.41.96.64:8080/front/PaymentAction/registerCreditorCB\",\"type\":3,\"memberId\":\"8\",\"pMerBillNo\":\"400\",\"platformId\":\"18\",\"domain\":\"10040011137\",\"pMemo1\":\"pMemo1\",\"pMemo2\":\"pMemo2\",\"pMemo3\":\"pMemo3\",\"pS2SUrl\":\"http://121.41.96.64:8080/front/PaymentAction/registerCreditorCBSys\"}'),(465,0,'2015-03-10 14:03:35',18,'397_400',36,'1000.00','','{\"pWebUrl\":\"\",\"type\":9,\"memberId\":\"1\",\"pMerBillNo\":\"397\",\"platformId\":\"18\",\"domain\":\"10040011137\",\"pMemo1\":\"pMemo1\",\"pMemo2\":\"pMemo2\",\"pMemo3\":\"pMemo3\",\"pS2SUrl\":\"http://121.41.96.64:8080/front/PaymentAction/transferCBSys\"}'),(466,1,'2015-03-10 14:03:35',18,'397',9,'1000.00','','{\"pWebUrl\":\"\",\"type\":9,\"memberId\":\"1\",\"pMerBillNo\":\"397\",\"platformId\":\"18\",\"domain\":\"10040011137\",\"pMemo1\":\"pMemo1\",\"pMemo2\":\"pMemo2\",\"pMemo3\":\"pMemo3\",\"pS2SUrl\":\"http://121.41.96.64:8080/front/PaymentAction/transferCBSys\"}'),(467,0,'2015-03-10 14:03:44',18,'401_400',10,'1000.28','\0','{\"pWebUrl\":\"http://121.41.96.64:8080/front/PaymentAction/repaymentNewTradeCB\",\"type\":10,\"memberId\":\"1\",\"pMerBillNo\":\"401\",\"platformId\":\"18\",\"domain\":\"10040011137\",\"pMemo1\":\"pMemo1\",\"pMemo2\":\"pMemo2\",\"pMemo3\":\"401\",\"pS2SUrl\":\"http://121.41.96.64:8080/front/PaymentAction/repaymentNewTradeCBSys\"}'),(468,1,'2015-03-10 14:03:44',18,'401',10,'1000.28','\0','{\"pWebUrl\":\"http://121.41.96.64:8080/front/PaymentAction/repaymentNewTradeCB\",\"type\":10,\"memberId\":\"1\",\"pMerBillNo\":\"401\",\"platformId\":\"18\",\"domain\":\"10040011137\",\"pMemo1\":\"pMemo1\",\"pMemo2\":\"pMemo2\",\"pMemo3\":\"401\",\"pS2SUrl\":\"http://121.41.96.64:8080/front/PaymentAction/repaymentNewTradeCBSys\"}'),(469,8,'2015-03-10 14:05:48',18,'405',3,'1000.00','','{\"pWebUrl\":\"http://121.41.96.64:8080/front/PaymentAction/registerCreditorCB\",\"type\":3,\"memberId\":\"8\",\"pMerBillNo\":\"405\",\"platformId\":\"18\",\"domain\":\"10040011137\",\"pMemo1\":\"pMemo1\",\"pMemo2\":\"pMemo2\",\"pMemo3\":\"pMemo3\",\"pS2SUrl\":\"http://121.41.96.64:8080/front/PaymentAction/registerCreditorCBSys\"}'),(470,0,'2015-03-10 14:06:19',18,'402_405',36,'1000.00','','{\"pWebUrl\":\"\",\"type\":9,\"memberId\":\"1\",\"pMerBillNo\":\"402\",\"platformId\":\"18\",\"domain\":\"10040011137\",\"pMemo1\":\"pMemo1\",\"pMemo2\":\"pMemo2\",\"pMemo3\":\"pMemo3\",\"pS2SUrl\":\"http://121.41.96.64:8080/front/PaymentAction/transferCBSys\"}'),(471,1,'2015-03-10 14:06:19',18,'402',9,'1000.00','','{\"pWebUrl\":\"\",\"type\":9,\"memberId\":\"1\",\"pMerBillNo\":\"402\",\"platformId\":\"18\",\"domain\":\"10040011137\",\"pMemo1\":\"pMemo1\",\"pMemo2\":\"pMemo2\",\"pMemo3\":\"pMemo3\",\"pS2SUrl\":\"http://121.41.96.64:8080/front/PaymentAction/transferCBSys\"}'),(472,0,'2015-03-10 14:06:37',18,'406_405',10,'1000.28','\0','{\"pWebUrl\":\"http://121.41.96.64:8080/front/PaymentAction/repaymentNewTradeCB\",\"type\":10,\"memberId\":\"7\",\"pMerBillNo\":\"406\",\"platformId\":\"18\",\"domain\":\"10040011137\",\"pMemo1\":\"pMemo1\",\"pMemo2\":\"pMemo2\",\"pMemo3\":\"406\",\"pS2SUrl\":\"http://121.41.96.64:8080/front/PaymentAction/repaymentNewTradeCBSys\"}'),(473,7,'2015-03-10 14:06:37',18,'406',10,'1000.28','\0','{\"pWebUrl\":\"http://121.41.96.64:8080/front/PaymentAction/repaymentNewTradeCB\",\"type\":10,\"memberId\":\"7\",\"pMerBillNo\":\"406\",\"platformId\":\"18\",\"domain\":\"10040011137\",\"pMemo1\":\"pMemo1\",\"pMemo2\":\"pMemo2\",\"pMemo3\":\"406\",\"pS2SUrl\":\"http://121.41.96.64:8080/front/PaymentAction/repaymentNewTradeCBSys\"}'),(474,6,'2015-03-11 10:31:08',18,'413',32,'100.00','\0','{\"pWebUrl\":\"http://121.41.96.64:8080/front/PaymentAction/transferUserToMerCB\",\"type\":32,\"memberId\":\"6\",\"pMerBillNo\":\"413\",\"platformId\":\"18\",\"domain\":\"10040011137\",\"pMemo1\":\"6\",\"pMemo2\":\"\",\"pMemo3\":\"\",\"pS2SUrl\":\"http://121.41.96.64:8080/front/PaymentAction/transferUserToMerCBSys\",\"amount\":\"100.00\"}'),(475,6,'2015-03-11 10:32:07',18,'414',32,'100.00','\0','{\"pWebUrl\":\"http://121.41.96.64:8080/front/PaymentAction/transferUserToMerCB\",\"type\":32,\"memberId\":\"6\",\"pMerBillNo\":\"414\",\"platformId\":\"18\",\"domain\":\"10040011137\",\"pMemo1\":\"6\",\"pMemo2\":\"\",\"pMemo3\":\"\",\"pS2SUrl\":\"http://121.41.96.64:8080/front/PaymentAction/transferUserToMerCBSys\",\"amount\":\"100.00\"}'),(476,12,'2015-03-11 10:57:39',18,'418',3,'1000.00','\0','{\"pWebUrl\":\"http://121.41.96.64:8080/front/PaymentAction/registerCreditorCB\",\"type\":3,\"memberId\":\"12\",\"pMerBillNo\":\"418\",\"platformId\":\"18\",\"domain\":\"10040011137\",\"pMemo1\":\"pMemo1\",\"pMemo2\":\"pMemo2\",\"pMemo3\":\"pMemo3\",\"pS2SUrl\":\"http://121.41.96.64:8080/front/PaymentAction/registerCreditorCBSys\"}'),(477,12,'2015-03-11 10:59:32',18,'419',3,'1000.00','\0','{\"pWebUrl\":\"http://121.41.96.64:8080/front/PaymentAction/registerCreditorCB\",\"type\":3,\"memberId\":\"12\",\"pMerBillNo\":\"419\",\"platformId\":\"18\",\"domain\":\"10040011137\",\"pMemo1\":\"pMemo1\",\"pMemo2\":\"pMemo2\",\"pMemo3\":\"pMemo3\",\"pS2SUrl\":\"http://121.41.96.64:8080/front/PaymentAction/registerCreditorCBSys\"}');

/*Data for the table `t_member_event_types` */

insert  into `t_member_event_types`(`id`,`name`) values (1,'注册'),(2,'登录'),(3,'退出'),(4,'激活邮箱'),(5,'邮箱找回用户名'),(6,'手机找回用户名'),(7,'手机重置密码'),(8,'邮箱重置密码'),(9,'填写基本资料'),(10,'添加安全问题'),(11,'修改安全问题'),(12,'修改密码'),(13,'添加交易密码'),(14,'修改交易密码'),(15,'修改绑定邮箱'),(16,'添加绑定手机'),(17,'修改绑定手机'),(20,'申请超额借款'),(21,'关注用户'),(22,'取消关注用户'),(23,'修改关注用户备注名'),(24,'添加黑名单'),(25,'删除黑名单'),(26,'发送站内信'),(27,'添加银行账户'),(28,'编辑银行账户'),(29,'删除银行账号'),(31,'申请提现'),(32,'收藏借款标'),(33,'收藏债权'),(34,'举报会员'),(35,'重置支付密码'),(36,'更换头像'),(37,'手机重置用户密码'),(38,'手机重置用户密码'),(101,'标记为已读'),(102,'标记为未读'),(103,'删除收件箱消息'),(104,'删除发件箱消息'),(105,'回复站内信'),(201,'开户'),(202,'标的登记'),(203,'登记债权人'),(204,'登记担保方'),(205,'登记债权转让'),(206,'自动投标签约'),(207,'自动还款签约'),(208,'充值'),(209,'转账'),(210,'收到转账'),(211,'还款'),(212,'收到还款'),(213,'解冻保证金'),(214,'自动代扣充值'),(215,'提现'),(216,'账户余额查询'),(217,'商户端获取银行列表'),(218,'账户信息查询');

/*Data for the table `t_member_events` */

insert  into `t_member_events`(`id`,`member_id`,`time`,`serial_number`,`platform_id`,`type_id`,`front_url`,`background_url`,`remark`,`descrption`) values (420,1,'2015-02-25 20:13:18','2','18',201,NULL,NULL,'{\"pWebUrl\":\"http://121.41.96.64:8080/front/PaymentAction/createAcctCB\",\"type\":1,\"memberId\":\"1\",\"pMerBillNo\":\"2\",\"platformId\":\"18\",\"domain\":\"10040011137\",\"pMemo1\":\"pMemo1\",\"pMemo2\":\"pMemo2\",\"pMemo3\":\"pMemo3\",\"pS2SUrl\":\"http://121.41.96.64:8080/front/PaymentAction/createAcctCBSys\"}','开户'),(421,2,'2015-02-25 20:15:26','3','18',201,NULL,NULL,'{\"pWebUrl\":\"http://121.41.96.64:8080/front/PaymentAction/createAcctCB\",\"type\":1,\"memberId\":\"2\",\"pMerBillNo\":\"3\",\"platformId\":\"18\",\"domain\":\"10040011137\",\"pMemo1\":\"pMemo1\",\"pMemo2\":\"pMemo2\",\"pMemo3\":\"pMemo3\",\"pS2SUrl\":\"http://121.41.96.64:8080/front/PaymentAction/createAcctCBSys\"}','开户'),(422,3,'2015-02-25 20:33:53','4','18',201,NULL,NULL,'{\"pWebUrl\":\"http://121.41.96.64:8080/front/PaymentAction/createAcctCB\",\"type\":1,\"memberId\":\"3\",\"pMerBillNo\":\"4\",\"platformId\":\"18\",\"domain\":\"10040011137\",\"pMemo1\":\"pMemo1\",\"pMemo2\":\"pMemo2\",\"pMemo3\":\"pMemo3\",\"pS2SUrl\":\"http://121.41.96.64:8080/front/PaymentAction/createAcctCBSys\"}','开户'),(423,4,'2015-02-25 20:40:06','5','18',201,NULL,NULL,'{\"pWebUrl\":\"http://121.41.96.64:8080/front/PaymentAction/createAcctCB\",\"type\":1,\"memberId\":\"4\",\"pMerBillNo\":\"5\",\"platformId\":\"18\",\"domain\":\"10040011137\",\"pMemo1\":\"pMemo1\",\"pMemo2\":\"pMemo2\",\"pMemo3\":\"pMemo3\",\"pS2SUrl\":\"http://121.41.96.64:8080/front/PaymentAction/createAcctCBSys\"}','pErrCode:1'),(424,5,'2015-02-25 21:17:11','20','18',201,NULL,NULL,'{\"pWebUrl\":\"http://121.41.96.64:8080/front/PaymentAction/createAcctCB\",\"type\":1,\"memberId\":\"5\",\"pMerBillNo\":\"20\",\"platformId\":\"18\",\"domain\":\"10040011137\",\"pMemo1\":\"pMemo1\",\"pMemo2\":\"pMemo2\",\"pMemo3\":\"pMemo3\",\"pS2SUrl\":\"http://121.41.96.64:8080/front/PaymentAction/createAcctCBSys\"}','pErrCode:1'),(425,7,'2015-02-26 09:37:41','26','18',201,NULL,NULL,'{\"pWebUrl\":\"http://121.41.96.64:8080/front/PaymentAction/createAcctCB\",\"type\":1,\"memberId\":\"7\",\"pMerBillNo\":\"26\",\"platformId\":\"18\",\"domain\":\"10040011137\",\"pMemo1\":\"pMemo1\",\"pMemo2\":\"pMemo2\",\"pMemo3\":\"pMemo3\",\"pS2SUrl\":\"http://121.41.96.64:8080/front/PaymentAction/createAcctCBSys\"}','pErrCode:1'),(426,8,'2015-02-26 09:46:30','31','18',201,NULL,NULL,'{\"pWebUrl\":\"http://121.41.96.64:8080/front/PaymentAction/createAcctCB\",\"type\":1,\"memberId\":\"8\",\"pMerBillNo\":\"31\",\"platformId\":\"18\",\"domain\":\"10040011137\",\"pMemo1\":\"pMemo1\",\"pMemo2\":\"pMemo2\",\"pMemo3\":\"pMemo3\",\"pS2SUrl\":\"http://121.41.96.64:8080/front/PaymentAction/createAcctCBSys\"}','pErrCode:1'),(427,10,'2015-02-26 10:22:35','47','18',201,NULL,NULL,'{\"pWebUrl\":\"http://121.41.96.64:8080/front/PaymentAction/createAcctCB\",\"type\":1,\"memberId\":\"10\",\"pMerBillNo\":\"47\",\"platformId\":\"18\",\"domain\":\"10040011137\",\"pMemo1\":\"pMemo1\",\"pMemo2\":\"pMemo2\",\"pMemo3\":\"pMemo3\",\"pS2SUrl\":\"http://121.41.96.64:8080/front/PaymentAction/createAcctCBSys\"}','pErrCode:1'),(428,12,'2015-02-27 09:36:25','63','18',201,NULL,NULL,'{\"pWebUrl\":\"http://121.41.96.64:8080/front/PaymentAction/createAcctCB\",\"type\":1,\"memberId\":\"12\",\"pMerBillNo\":\"63\",\"platformId\":\"18\",\"domain\":\"10040011137\",\"pMemo1\":\"pMemo1\",\"pMemo2\":\"pMemo2\",\"pMemo3\":\"pMemo3\",\"pS2SUrl\":\"http://121.41.96.64:8080/front/PaymentAction/createAcctCBSys\"}','pErrCode:1'),(429,6,'2015-02-27 10:15:02','71','18',201,NULL,NULL,'{\"pWebUrl\":\"http://121.41.96.64:8080/front/PaymentAction/createAcctCB\",\"type\":1,\"memberId\":\"6\",\"pMerBillNo\":\"71\",\"platformId\":\"18\",\"domain\":\"10040011137\",\"pMemo1\":\"pMemo1\",\"pMemo2\":\"pMemo2\",\"pMemo3\":\"pMemo3\",\"pS2SUrl\":\"http://121.41.96.64:8080/front/PaymentAction/createAcctCBSys\"}','pErrCode:1'),(430,13,'2015-02-27 10:16:37','72','18',201,NULL,NULL,'{\"pWebUrl\":\"http://121.41.96.64:8080/front/PaymentAction/createAcctCB\",\"type\":1,\"memberId\":\"13\",\"pMerBillNo\":\"72\",\"platformId\":\"18\",\"domain\":\"10040011137\",\"pMemo1\":\"pMemo1\",\"pMemo2\":\"pMemo2\",\"pMemo3\":\"pMemo3\",\"pS2SUrl\":\"http://121.41.96.64:8080/front/PaymentAction/createAcctCBSys\"}','pErrCode:1'),(431,1,'2015-02-27 10:37:41','91','18',201,NULL,NULL,'{\"pWebUrl\":\"http://121.41.96.64:8080/front/PaymentAction/createAcctCB\",\"type\":1,\"memberId\":\"1\",\"pMerBillNo\":\"91\",\"platformId\":\"18\",\"domain\":\"10040011137\",\"pMemo1\":\"pMemo1\",\"pMemo2\":\"pMemo2\",\"pMemo3\":\"pMemo3\",\"pS2SUrl\":\"http://121.41.96.64:8080/front/PaymentAction/createAcctCBSys\"}','pErrCode:1'),(432,14,'2015-02-27 11:27:46','111','18',201,NULL,NULL,'{\"pWebUrl\":\"http://121.41.96.64:8080/front/PaymentAction/createAcctCB\",\"type\":1,\"memberId\":\"14\",\"pMerBillNo\":\"111\",\"platformId\":\"18\",\"domain\":\"10040011137\",\"pMemo1\":\"pMemo1\",\"pMemo2\":\"pMemo2\",\"pMemo3\":\"pMemo3\",\"pS2SUrl\":\"http://121.41.96.64:8080/front/PaymentAction/createAcctCBSys\"}','pErrCode:1'),(433,14,'2015-02-27 17:32:17','137','18',218,NULL,NULL,'{\"pWebUrl\":\"http://121.41.96.64:8080/front/PaymentAction/doDwTradeCB\",\"type\":18,\"memberId\":\"14\",\"pMerBillNo\":\"137\",\"platformId\":\"18\",\"domain\":\"10040011137\",\"pMemo1\":\"pMemo1\",\"pMemo2\":\"pMemo2\",\"pMemo3\":\"1\",\"pS2SUrl\":\"http://121.41.96.64:8080/front/PaymentAction/doDwTradeCBSys\"}','绑卡'),(434,18,'2015-02-28 13:55:29','145','18',201,NULL,NULL,'{\"pWebUrl\":\"http://121.41.96.64:8080/front/PaymentAction/createAcctCB\",\"type\":1,\"memberId\":\"18\",\"pMerBillNo\":\"145\",\"platformId\":\"18\",\"domain\":\"10040011137\",\"pMemo1\":\"pMemo1\",\"pMemo2\":\"pMemo2\",\"pMemo3\":\"pMemo3\",\"pS2SUrl\":\"http://121.41.96.64:8080/front/PaymentAction/createAcctCBSys\"}','pErrCode:1'),(435,17,'2015-02-28 14:02:22','147','18',201,NULL,NULL,'{\"pWebUrl\":\"http://121.41.96.64:8080/front/PaymentAction/createAcctCB\",\"type\":1,\"memberId\":\"17\",\"pMerBillNo\":\"147\",\"platformId\":\"18\",\"domain\":\"10040011137\",\"pMemo1\":\"pMemo1\",\"pMemo2\":\"pMemo2\",\"pMemo3\":\"pMemo3\",\"pS2SUrl\":\"http://121.41.96.64:8080/front/PaymentAction/createAcctCBSys\"}','pErrCode:1'),(436,16,'2015-02-28 15:33:22','182','18',201,NULL,NULL,'{\"pWebUrl\":\"http://121.41.96.64:8080/front/PaymentAction/createAcctCB\",\"type\":1,\"memberId\":\"16\",\"pMerBillNo\":\"182\",\"platformId\":\"18\",\"domain\":\"10040011137\",\"pMemo1\":\"pMemo1\",\"pMemo2\":\"pMemo2\",\"pMemo3\":\"pMemo3\",\"pS2SUrl\":\"http://121.41.96.64:8080/front/PaymentAction/createAcctCBSys\"}','pErrCode:1'),(437,19,'2015-02-28 15:52:18','186','18',201,NULL,NULL,'{\"pWebUrl\":\"http://121.41.96.64:8080/front/PaymentAction/createAcctCB\",\"type\":1,\"memberId\":\"19\",\"pMerBillNo\":\"186\",\"platformId\":\"18\",\"domain\":\"10040011137\",\"pMemo1\":\"pMemo1\",\"pMemo2\":\"pMemo2\",\"pMemo3\":\"pMemo3\",\"pS2SUrl\":\"http://121.41.96.64:8080/front/PaymentAction/createAcctCBSys\"}','pErrCode:1'),(438,2,'2015-02-28 20:08:19','201','18',201,NULL,NULL,'{\"pWebUrl\":\"http://121.41.96.64:8080/front/PaymentAction/createAcctCB\",\"type\":1,\"memberId\":\"2\",\"pMerBillNo\":\"201\",\"platformId\":\"18\",\"domain\":\"10040011137\",\"pMemo1\":\"pMemo1\",\"pMemo2\":\"pMemo2\",\"pMemo3\":\"pMemo3\",\"pS2SUrl\":\"http://121.41.96.64:8080/front/PaymentAction/createAcctCBSys\"}','pErrCode:1'),(439,3,'2015-02-28 20:24:51','204','18',201,NULL,NULL,'{\"pWebUrl\":\"http://121.41.96.64:8080/front/PaymentAction/createAcctCB\",\"type\":1,\"memberId\":\"3\",\"pMerBillNo\":\"204\",\"platformId\":\"18\",\"domain\":\"10040011137\",\"pMemo1\":\"pMemo1\",\"pMemo2\":\"pMemo2\",\"pMemo3\":\"pMemo3\",\"pS2SUrl\":\"http://121.41.96.64:8080/front/PaymentAction/createAcctCBSys\"}','pErrCode:1'),(440,16,'2015-03-02 14:14:43','253','18',218,NULL,NULL,'{\"pWebUrl\":\"http://121.41.96.64:8080/front/PaymentAction/doDwTradeCB\",\"type\":18,\"memberId\":\"16\",\"pMerBillNo\":\"253\",\"platformId\":\"18\",\"domain\":\"10040011137\",\"pMemo1\":\"pMemo1\",\"pMemo2\":\"pMemo2\",\"pMemo3\":\"2\",\"pS2SUrl\":\"http://121.41.96.64:8080/front/PaymentAction/doDwTradeCBSys\"}','绑卡'),(441,6,'2015-03-02 17:13:09','277','18',218,NULL,NULL,'{\"pWebUrl\":\"http://121.41.96.64:8080/front/PaymentAction/doDwTradeCB\",\"type\":18,\"memberId\":\"6\",\"pMerBillNo\":\"277\",\"platformId\":\"18\",\"domain\":\"10040011137\",\"pMemo1\":\"pMemo1\",\"pMemo2\":\"pMemo2\",\"pMemo3\":\"3\",\"pS2SUrl\":\"http://121.41.96.64:8080/front/PaymentAction/doDwTradeCBSys\"}','绑卡'),(442,6,'2015-03-02 17:13:50','277','18',218,NULL,NULL,'{\"pWebUrl\":\"http://121.41.96.64:8080/front/PaymentAction/doDwTradeCB\",\"type\":18,\"memberId\":\"6\",\"pMerBillNo\":\"277\",\"platformId\":\"18\",\"domain\":\"10040011137\",\"pMemo1\":\"pMemo1\",\"pMemo2\":\"pMemo2\",\"pMemo3\":\"3\",\"pS2SUrl\":\"http://121.41.96.64:8080/front/PaymentAction/doDwTradeCBSys\"}','绑卡'),(443,6,'2015-03-02 17:13:55','277','18',218,NULL,NULL,'{\"pWebUrl\":\"http://121.41.96.64:8080/front/PaymentAction/doDwTradeCB\",\"type\":18,\"memberId\":\"6\",\"pMerBillNo\":\"277\",\"platformId\":\"18\",\"domain\":\"10040011137\",\"pMemo1\":\"pMemo1\",\"pMemo2\":\"pMemo2\",\"pMemo3\":\"3\",\"pS2SUrl\":\"http://121.41.96.64:8080/front/PaymentAction/doDwTradeCBSys\"}','绑卡'),(444,6,'2015-03-02 17:14:30','278','18',218,NULL,NULL,'{\"pWebUrl\":\"http://121.41.96.64:8080/front/PaymentAction/doDwTradeCB\",\"type\":18,\"memberId\":\"6\",\"pMerBillNo\":\"278\",\"platformId\":\"18\",\"domain\":\"10040011137\",\"pMemo1\":\"pMemo1\",\"pMemo2\":\"pMemo2\",\"pMemo3\":\"4\",\"pS2SUrl\":\"http://121.41.96.64:8080/front/PaymentAction/doDwTradeCBSys\"}','绑卡'),(445,21,'2015-03-03 14:42:31','287','18',201,NULL,NULL,'{\"pWebUrl\":\"http://121.41.96.64:8080/front/PaymentAction/createAcctCB\",\"type\":1,\"memberId\":\"21\",\"pMerBillNo\":\"287\",\"platformId\":\"18\",\"domain\":\"10040011137\",\"pMemo1\":\"pMemo1\",\"pMemo2\":\"pMemo2\",\"pMemo3\":\"pMemo3\",\"pS2SUrl\":\"http://121.41.96.64:8080/front/PaymentAction/createAcctCBSys\"}','pErrCode:1'),(446,20,'2015-03-04 14:12:25','312','18',201,NULL,NULL,'{\"pWebUrl\":\"http://121.41.96.64:8080/front/PaymentAction/createAcctCB\",\"type\":1,\"memberId\":\"20\",\"pMerBillNo\":\"312\",\"platformId\":\"18\",\"domain\":\"10040011137\",\"pMemo1\":\"pMemo1\",\"pMemo2\":\"pMemo2\",\"pMemo3\":\"pMemo3\",\"pS2SUrl\":\"http://121.41.96.64:8080/front/PaymentAction/createAcctCBSys\"}','pErrCode:1'),(447,22,'2015-03-05 10:14:39','324','18',201,NULL,NULL,'{\"pWebUrl\":\"http://121.41.96.64:8080/front/PaymentAction/createAcctCB\",\"type\":1,\"memberId\":\"22\",\"pMerBillNo\":\"324\",\"platformId\":\"18\",\"domain\":\"10040011137\",\"pMemo1\":\"pMemo1\",\"pMemo2\":\"pMemo2\",\"pMemo3\":\"pMemo3\",\"pS2SUrl\":\"http://121.41.96.64:8080/front/PaymentAction/createAcctCBSys\"}','pErrCode:1'),(448,23,'2015-03-06 15:52:32','389','18',201,NULL,NULL,'{\"pWebUrl\":\"http://121.41.96.64:8080/front/PaymentAction/createAcctCB\",\"type\":1,\"memberId\":\"23\",\"pMerBillNo\":\"389\",\"platformId\":\"18\",\"domain\":\"10040011137\",\"pMemo1\":\"pMemo1\",\"pMemo2\":\"pMemo2\",\"pMemo3\":\"pMemo3\",\"pS2SUrl\":\"http://121.41.96.64:8080/front/PaymentAction/createAcctCBSys\"}','pErrCode:1');

/*Data for the table `t_member_of_platforms` */

insert  into `t_member_of_platforms`(`id`,`member_id`,`platform_id`,`platform_member_id`,`platform_member_name`,`platform_member_account`,`platform_member_account_id`,`auth_payment_number`,`auth_invest_number`,`card_no`,`card_status`) values (26,26,18,1,'aaa1',NULL,NULL,NULL,NULL,NULL,0),(27,27,18,2,'a1147',NULL,NULL,NULL,NULL,NULL,0),(28,28,18,3,'aa147',NULL,NULL,NULL,NULL,NULL,0),(29,29,18,4,'aa1447',NULL,NULL,NULL,NULL,NULL,0),(30,30,18,5,'aa258',NULL,NULL,NULL,NULL,NULL,0),(31,31,18,7,'aaa111',NULL,NULL,NULL,NULL,NULL,0),(32,32,18,8,'bbb111',NULL,NULL,NULL,NULL,NULL,0),(33,33,18,10,'ccc111',NULL,NULL,NULL,NULL,NULL,0),(34,34,18,12,'lxp145',NULL,NULL,NULL,NULL,NULL,0),(35,35,18,6,'oulijuan',NULL,NULL,NULL,NULL,NULL,1),(36,36,18,13,'k123',NULL,NULL,NULL,NULL,NULL,0),(37,37,18,14,'ttt3',NULL,NULL,NULL,NULL,NULL,0),(38,38,18,18,'wangxf',NULL,NULL,NULL,NULL,NULL,0),(39,39,18,17,'time',NULL,NULL,NULL,NULL,NULL,0),(40,40,18,16,'pll2',NULL,NULL,NULL,NULL,NULL,1),(41,41,18,19,'sou',NULL,NULL,NULL,NULL,NULL,0),(42,42,18,21,'a030301',NULL,NULL,NULL,NULL,NULL,0),(43,43,18,20,'ouliping',NULL,NULL,NULL,NULL,NULL,0),(44,44,18,22,'lxp',NULL,NULL,NULL,NULL,NULL,0),(45,45,18,23,'李小龙',NULL,NULL,NULL,NULL,NULL,0);

/*Data for the table `t_members` */

insert  into `t_members`(`id`,`time`,`name`,`password`,`id_number`,`mobile`,`serial_number`,`status`) values (26,'2015-02-25 20:13:18','htyyug_27','bd95fe2a95fc1197b70b757ae80a0ca0','511702197701193532','13011222572',NULL,'\0'),(27,'2015-02-25 20:15:26','nslsae_54','4b5e9743b853a992e1573508696ab775','511702198101111956','13011222573',NULL,'\0'),(28,'2015-02-25 20:33:53','ehzmqc_74','ea6e894efcb68a23bbfd6a08de6f6cc4','511702197105183653','13011222574',NULL,'\0'),(29,'2015-02-25 20:40:06','mkrxyt_97','592bcf75ecb7bace7c6e9a3138b69772','522635198908262178','13011222575',NULL,'\0'),(30,'2015-02-25 21:17:11','wwsuyg_43','7bcbe37a2c8709c7801a8826bee11663','511702199002221492','13011222577',NULL,'\0'),(31,'2015-02-26 09:37:41','ygnofc_51','b75ecb87dbac4679de5824456419600b','152801198703025310','18652526363',NULL,'\0'),(32,'2015-02-26 09:46:30','kptgvx_46','0593157e1775f3ca12da7ddd2b383dbf','232102196903151919','18858963584',NULL,'\0'),(33,'2015-02-26 10:22:35','zlbfwn_16','1f87b8c750633697423679c2f4f4dc2f','210905197807210546','18655488695',NULL,'\0'),(34,'2015-02-27 09:36:25','sfuhzx_30','83d4d5e46f03a7f35ed85b297d1ba0a2','370205197405213513','18774080829',NULL,'\0'),(35,'2015-02-27 10:15:02','saqrpc_09','5330b916a02b50dd200ff0dcd2de15b5','410825197709022733','18807473100',NULL,'\0'),(36,'2015-02-27 10:16:37','yheoiu_97','ecae21edab5d00187d0c9ca5489c5328','430223198301218735','15116312327',NULL,'\0'),(37,'2015-02-27 11:27:46','edsxal_73','e53c32893578f685b7c4013f34bfe989','420106197709182029','15116312324',NULL,'\0'),(38,'2015-02-28 13:55:29','hiiwwk_14','75a98f16d3ac63d5a4451da5a21df31b','430528198509153115','18073151372',NULL,'\0'),(39,'2015-02-28 14:02:22','yhbkfp_40','abd1f592ba09d8b8c09f0a1b5642460b','360802198611239171','13574141184',NULL,'\0'),(40,'2015-02-28 15:33:22','rjuypc_06','4f7c9b5d458122c55cd7c59b40da7964','622801199110211414','18397435012',NULL,'\0'),(41,'2015-02-28 15:52:18','smmoog_24','28e10978f27a4138282f1ea24d5e806a','440511198912049160','13865542651',NULL,'\0'),(42,'2015-03-03 14:42:30','wktnsb_75','2e6a3fb93e1a346b4568042e6fec0187','411525198807173868','13000000001',NULL,'\0'),(43,'2015-03-04 14:12:25','kigoug_87','bec1d5f970f583c5b2510c179e8087a0','370283790911703','15236965321',NULL,'\0'),(44,'2015-03-05 10:14:39','afsbyy_60','c28771c26703123f226421c6faee97f4','431381199003289214','18774080828',NULL,'\0'),(45,'2015-03-06 15:52:32','qrhrwm_72','9141168c4e215a899f9c6857d7cb4cb0','130123199208256946','13244586652',NULL,'\0');

/*Data for the table `t_payment_gateways` */

insert  into `t_payment_gateways`(`id`,`name`,`account`,`pid`,`_key`,`information`,`is_use`) values (1,'国付宝','test001','0000049847','1111aaaa','{\"t3\":\"t3\",\"t2\":\"t2\",\"t1\":\"t1\"}',''),(2,'环迅支付','808801','IPS','123456','{\"DES_IV\":\"2EDxsEfp\",\"CERT_MD5\":\"GPhKt7sh4dxQQZZkINGFtefRKNPyAj8S00cgAwtRyy0ufD7alNC28xCBKpa6IU7u54zzWSAv4PqUDKMgpOnM7fucO1wuwMi4RgPAnietmqYIhHXZ3TqTGKNzkxA55qYH\",\"PUB_KEY\":\"-----BEGIN PUBLIC KEY-----#MIGfMA0GCSqGSIb3DQEBAQUAA4GNADCBiQKBgQCMWwKD0u90z1K8WvtG6cZ3SXHL#UqmQCWxbT6JURy5BVwgsTdsaGmr22HT4jfEBQHEjmTtyUWC5Ag9Cwgef0VFrDB7T#qyhWfVA7n8SvV6b1eDbQlY/qhUb50+3SCpN7HxdPzdMDkJjy6i6syh7RtH0QfoAp#HS6TLY4DjPvbGgdXhwIDAQAB#-----END PUBLIC KEY-----\",\"DES_KEY\":\"ICHuQplJ0YR9l7XeVNKi6FMn\"}',''),(3,'双乾','333888888','loan','123456','{\"publicKey\":\"MIGfMA0GCSqGSIb3DQEBAQUAA4GNADCBiQKBgQDgdVLCpiZoA7sgATNxM2OtRCololTxeur4I2dQiU/xB6GIR3P9cf6Ty/fMmQ9H9sBqnD5jvQQU2wB3O8JyTIS6SUvj/aMU6cV5woi0EH9E1VX3wMaGBLFGvVE6hTTB65KbxIxqEWhNuGUTsYZ6wXM3Ns+v+EITHik6u1gt2Z24OwIDAQAB\",\"argMerCode\":\"p478\",\"privateKeyPKCS8\":\"MIICeAIBADANBgkqhkiG9w0BAQEFAASCAmIwggJeAgEAAoGBAOB1UsKmJmgDuyABM3EzY61EKiWiVPF66vgjZ1CJT/EHoYhHc/1x/pPL98yZD0f2wGqcPmO9BBTbAHc7wnJMhLpJS+P9oxTpxXnCiLQQf0TVVffAxoYEsUa9UTqFNMHrkpvEjGoRaE24ZROxhnrBczc2z6/4QhMeKTq7WC3Znbg7AgMBAAECgYEAsRW/ApTFLkDrTDfGVyQdGuDxg5mL/KxmXvjHlPGQYXAM0BDXgPiDyiUczo1fUf5qFnJIgrXoV2/k8SzznuuhtkBGquQsvdK314nS8vq4GNYeVgVK3XWPUY0zluVO89t4nrc/Hey7NIOYXX15TXMQeRAfvO3fDsLYGbXtSTxFZKkCQQD8gFuYe7xSoSuQ9anZ1fudgk6G4rJ0DGZQXQWkFv252vLVNA1TMCMGF/ERmhAzhUdHLGgU1rhkVoqJojyEFnsdAkEA45F+kV6SROoeOnliSVd11j+V+lPT9YFdyVoUzR/M7Qwe85qfdK8eCEsy7LthWS9gTMFfrPn1rZMSrDeoUQZJNwJBAPYCaTuLctReyv+VGkNuxJOVncS1ooCGhDjQKOrSq6oktGsdJ85hG/6X3Pv1Ssunkua5UT7cZRL9bkTimGtpK9ECQExpsGwzqz3Etz2/QIeL/J9iXoPd3hBTziAsRUvTX8ZBCauWwfA2VQlH5uOiz79YrydWzz+P9zS/a8e0MKp0R+UCQQCqaW6V5WeBESl07oAJVy8UVxb8FY8/+uK41Np9M+KE5G1WNQzn+b7VBkGrYtBYg1igC+XmElv2lcZGkqgALD04\",\"signRate\":\"0.0025\"}',''),(4,'汇付天下','6000060000543327','chinapnr','123456',NULL,''),(5,'易宝','1123','3344556677','1123','{}','');

/*Data for the table `t_platforms` */

insert  into `t_platforms`(`id`,`time`,`name`,`domain`,`gateway_id`,`encryption`,`status`,`use_type`,`deal_status`) values (1,'2015-01-17 09:43:37','p2p6','172.16.13.65',2,'127.0.0.1','',2,''),(2,'2014-09-17 14:33:12','psp','172.16.6.171',2,NULL,'',1,'\0'),(3,'2014-09-19 15:39:27','spay','172.16.13.70',2,NULL,'',2,'\0'),(4,'2014-09-22 09:00:27','test','112.95.172.42',2,NULL,'',1,'\0'),(5,'2014-09-22 09:01:53','test_2','101.226.89.64',2,NULL,'',1,'\0'),(6,'2014-11-15 16:25:18','localhost','112.95.172.74',2,'112.95.172.74','',2,''),(7,'2014-10-10 16:52:39','foryou','letusgo',2,'177.122.133.66','',2,'\0'),(8,'2014-10-10 16:54:03','f1','test',1,'177.22.22.22','',2,'\0'),(11,'2014-10-10 16:55:42','f1','test2',2,'177.22.22.221','',2,'\0'),(12,'2014-10-10 17:21:23','d','test1',1,'d','',2,'\0'),(13,'2014-11-14 11:51:33','文档test','112.95.172.94',2,'localhost','',2,''),(16,'2014-12-08 16:44:13','双乾测试p478','loanp478',3,NULL,'',1,'\0'),(17,'2014-12-03 14:18:27','test_guo','112.95.172.174',1,'177.22.22.222','',2,'\0'),(18,'2014-12-09 22:09:27','易宝','10040011137',5,'df','',1,'\0'),(19,'2014-12-08 16:44:26','双乾测试p1','loanp1',3,NULL,'',1,'\0'),(20,'2014-12-09 15:57:42','spay ','127.0.0.1',4,'localhost:9000','',2,'\0'),(21,'2014-12-11 13:53:05','test','112.95.173.75',2,'172.16.17.128','',2,''),(23,'2014-12-17 16:09:06','qlpsoul777','172.16.6.94/sp2p_szyl',4,'http://172.16.6.94:9000/','',2,'\0'),(24,'2014-12-18 15:31:26','深圳世联','172.16.6.111',4,'http://localhost:9000/','',2,'\0'),(25,'2015-01-14 21:11:26','易宝测试','545555',1,'456465','',2,'\0'),(26,'2015-01-16 17:21:44','易宝测试1','5455er',2,'4564652','',2,'\0'),(27,'2015-02-25 20:20:32','11223','3344',5,'11236','',2,'\0');

/*Data for the table `t_repayment_details` */

/*Data for the table `t_right_actions` */

insert  into `t_right_actions`(`id`,`right_id`,`action`,`description`) values (1,1,'supervisor.managementHome.HomeAction.showHome','管理首页'),(1000,21,'supervisor.webContentManager.NewsManageAction.contentManagement','新闻资讯管理/内容管理'),(1001,21,'supervisor.webContentManager.NewsManageAction.typeList','新闻资讯管理/用于类别下拉联动'),(1002,21,'supervisor.webContentManager.NewsManageAction.addContent','新闻资讯管理/添加内容'),(1003,21,'supervisor.webContentManager.NewsManageAction.ajaxJudgeOrder','新闻资讯管理/异步判断排序序号是否已经存在'),(1004,21,'supervisor.webContentManager.NewsManageAction.deletContent','新闻资讯管理/删除内容'),(1005,21,'supervisor.webContentManager.NewsManageAction.updateUseStatus','新闻资讯管理/改变显示状态'),(1006,21,'supervisor.webContentManager.NewsManageAction.editContentInit','新闻资讯管理/编辑初始化'),(1007,21,'supervisor.webContentManager.NewsManageAction.editContent','新闻资讯管理/编辑内容'),(1009,21,'supervisor.webContentManager.NewsManageAction.categoryManagement','新闻资讯管理/类别管理'),(1010,21,'supervisor.webContentManager.NewsManageAction.editCategory','新闻资讯管理/编辑类别'),(1011,21,'supervisor.webContentManager.NewsManageAction.addCategory','新闻资讯管理/添加类别'),(1012,21,'supervisor.webContentManager.NewsManageAction.hideType','新闻资讯管理/类别隐藏'),(1013,21,'supervisor.webContentManager.NewsManageAction.showType','新闻资讯管理/类别显示'),(1014,21,'supervisor.webContentManager.NewsManageAction.deleteSubcategory','新闻资讯管理/删除子类别'),(1015,21,'supervisor.webContentManager.NewsManageAction.contentManagementAdd','新闻资讯管理/添加内容'),(1016,21,'supervisor.webContentManager.NewsManageAction.editChildCategory','新闻资讯管理/添加内容'),(1100,22,'supervisor.webContentManager.AdManageAction.bannermanagement','广告内容管理'),(1101,22,'supervisor.webContentManager.AdManageAction.queryAds','广告内容管理'),(1102,22,'supervisor.webContentManager.AdManageAction.editBanner','广告内容管理'),(1103,22,'supervisor.webContentManager.AdManageAction.updateBanner','广告内容管理'),(1104,22,'supervisor.webContentManager.AdManageAction.securityEditor','广告内容管理'),(1105,22,'supervisor.webContentManager.AdManageAction.security','广告内容管理'),(1106,22,'supervisor.webContentManager.AdManageAction.updateSecurityStatus','广告内容管理'),(1107,22,'supervisor.webContentManager.AdManageAction.SaveSecurity','广告内容管理'),(1108,22,'supervisor.webContentManager.AdManageAction.partner','广告内容管理'),(1109,22,'supervisor.webContentManager.AdManageAction.partnerEditor','广告内容管理'),(1110,22,'supervisor.webContentManager.AdManageAction.editPartner','广告内容管理'),(1111,22,'supervisor.webContentManager.AdManageAction.deletPartner','广告内容管理'),(1112,22,'supervisor.webContentManager.AdManageAction.increasedPartner','广告内容管理'),(1113,22,'supervisor.webContentManager.AdManageAction.bottomLinkManager','广告内容管理'),(1114,22,'supervisor.webContentManager.AdManageAction.bottomManagerEditor','广告内容管理'),(1115,22,'supervisor.webContentManager.AdManageAction.verifyOrder','广告内容管理'),(1200,23,'supervisor.webContentManager.Message.sendMessageInit','站内信管理'),(1201,23,'supervisor.webContentManager.Message.queryTemplate','站内信管理'),(1202,23,'supervisor.webContentManager.Message.sendMessage','站内信管理'),(1203,23,'supervisor.webContentManager.Message.selectUsersInit','站内信管理'),(1204,23,'supervisor.webContentManager.Message.sendGroupMessage','站内信管理'),(1205,23,'supervisor.webContentManager.Message.toReplyMessages','站内信管理'),(1206,23,'supervisor.webContentManager.Message.toReplyMessageDetail','站内信管理'),(1207,23,'supervisor.webContentManager.Message.toReplyMessageReply','站内信管理'),(1208,23,'supervisor.webContentManager.Message.reply','站内信管理'),(1209,23,'supervisor.webContentManager.Message.deleteInboxMsg','站内信管理'),(1210,23,'supervisor.webContentManager.Message.deleteOutboxMsg','站内信管理'),(1211,23,'supervisor.webContentManager.Message.toReplyMessageReject','站内信管理'),(1212,23,'supervisor.webContentManager.Message.reject','站内信管理'),(1213,23,'supervisor.webContentManager.Message.repliedMessages','站内信管理'),(1214,23,'supervisor.webContentManager.Message.repliedMessageDetail','站内信管理'),(1215,23,'supervisor.webContentManager.Message.deletedMessages','站内信管理'),(1216,23,'supervisor.webContentManager.Message.deletedMessageDetail','站内信管理'),(1217,23,'supervisor.webContentManager.Message.outboxMessages','站内信管理'),(1218,23,'supervisor.webContentManager.Message.outboxMessageDetail','站内信管理'),(1219,23,'supervisor.webContentManager.Message.rejectedUsers','站内信管理'),(1220,23,'supervisor.webContentManager.Message.rejectedUserDetail','站内信管理'),(1221,23,'supervisor.webContentManager.Message.receive','站内信管理'),(1300,24,'supervisor.webContentManager.ProductAction.productList','借款标产品管理'),(1301,24,'supervisor.webContentManager.ProductAction.enableProduct','借款标产品管理'),(1302,24,'supervisor.webContentManager.ProductAction.notEnableProduct','借款标产品管理'),(1303,24,'supervisor.webContentManager.ProductAction.upload','借款标产品管理'),(1304,24,'supervisor.webContentManager.ProductAction.addProduct','借款标产品管理'),(1305,24,'supervisor.webContentManager.ProductAction.addingProduct','借款标产品管理'),(1306,24,'supervisor.webContentManager.ProductAction.editProduct','借款标产品管理'),(1307,24,'supervisor.webContentManager.ProductAction.editingProduct','借款标产品管理'),(1308,24,'supervisor.webContentManager.ProductAction.constantList','借款标产品管理'),(1309,24,'supervisor.webContentManager.ProductAction.editAuditMechanism','借款标产品管理'),(1310,24,'supervisor.webContentManager.ProductAction.enablePurpose','借款标产品管理'),(1311,24,'supervisor.webContentManager.ProductAction.notEnablePurpose','借款标产品管理'),(1312,24,'supervisor.webContentManager.ProductAction.addingPurpose','借款标产品管理'),(1313,24,'supervisor.webContentManager.ProductAction.editingPurpose','借款标产品管理'),(1314,24,'supervisor.webContentManager.ProductAction.enableRepaymentType','借款标产品管理'),(1315,24,'supervisor.webContentManager.ProductAction.notEnableRepaymentType','借款标产品管理'),(1316,24,'supervisor.webContentManager.ProductAction.editingNumber','借款标产品管理'),(1317,24,'supervisor.webContentManager.ProductAction.audtiItemList','借款标产品管理'),(1318,24,'supervisor.webContentManager.ProductAction.enableAuditItem','借款标产品管理'),(1319,24,'supervisor.webContentManager.ProductAction.notEnableAuditItem','借款标产品管理'),(1320,24,'supervisor.webContentManager.ProductAction.addingAuditItem','借款标产品管理'),(1321,24,'supervisor.webContentManager.ProductAction.checkName','借款标产品管理'),(1322,24,'supervisor.webContentManager.CreditLevelManager.creditLevelList','借款标产品管理'),(1323,24,'supervisor.webContentManager.CreditLevelManager.addCreditLevelInit','借款标产品管理'),(1324,24,'supervisor.webContentManager.CreditLevelManager.addCreditLevel','借款标产品管理'),(1325,24,'supervisor.webContentManager.CreditLevelManager.editCreditLevelInit','借款标产品管理'),(1326,24,'supervisor.webContentManager.CreditLevelManager.editCreditLevel','借款标产品管理'),(1327,24,'supervisor.webContentManager.CreditLevelManager.enable','借款标产品管理'),(1328,24,'supervisor.webContentManager.CreditLevelManager.creditRuleSetInit','借款标产品管理'),(1329,24,'supervisor.webContentManager.CreditLevelManager.creditRuleSet','借款标产品管理'),(1330,24,'supervisor.webContentManager.CreditLevelManager.pointsDetail','借款标产品管理'),(1331,24,'supervisor.webContentManager.ProductAction.checkName','借款标产品管理'),(1332,24,'supervisor.webContentManager.ProductAction.editingAuditItem','借款标产品管理'),(1400,25,'supervisor.webContentManager.TemplateAction.emailTemplates','系统通知模版管理'),(1401,25,'supervisor.webContentManager.TemplateAction.previewEmailTemplate','系统通知模版管理'),(1402,25,'supervisor.webContentManager.TemplateAction.editEmailTemplateInit','系统通知模版管理'),(1403,25,'supervisor.webContentManager.TemplateAction.editEmailTemplate','系统通知模版管理'),(1404,25,'supervisor.webContentManager.TemplateAction.updateEmailTemplateStatus','系统通知模版管理'),(1405,25,'supervisor.webContentManager.TemplateAction.smsTemplates','系统通知模版管理'),(1406,25,'supervisor.webContentManager.TemplateAction.previewSmsTemplate','系统通知模版管理'),(1407,25,'supervisor.webContentManager.TemplateAction.editSmsTemplateInit','系统通知模版管理'),(1408,25,'supervisor.webContentManager.TemplateAction.editSmsTemplate','系统通知模版管理'),(1409,25,'supervisor.webContentManager.TemplateAction.updateSmsTemplateStatus','系统通知模版管理'),(1410,25,'supervisor.webContentManager.TemplateAction.stationTemplates','系统通知模版管理'),(1411,25,'supervisor.webContentManager.TemplateAction.previewStationTemplate','系统通知模版管理'),(1412,25,'supervisor.webContentManager.TemplateAction.editStationTemplateInit','系统通知模版管理'),(1413,25,'supervisor.webContentManager.TemplateAction.editStationTemplate','系统通知模版管理'),(1414,25,'supervisor.webContentManager.TemplateAction.updateStationTemplateStatus','系统通知模版管理'),(1415,25,'supervisor.webContentManager.TemplateAction.myStationTemplates','系统通知模版管理'),(1416,25,'supervisor.webContentManager.TemplateAction.createStationTemplate','系统通知模版管理'),(2000,41,'supervisor.bidManager.BidPlatformAction.auditingList','平台借款标管理'),(2001,41,'supervisor.bidManager.BidPlatformAction.fundraiseingList','平台借款标管理'),(2002,41,'supervisor.bidManager.BidPlatformAction.fullList','平台借款标管理'),(2003,41,'supervisor.bidManager.BidPlatformAction.repaymentingList','平台借款标管理'),(2004,41,'supervisor.bidManager.BidPlatformAction.repaymentList','平台借款标管理'),(2005,41,'supervisor.bidManager.BidPlatformAction.overdueList','平台借款标管理'),(2006,41,'supervisor.bidManager.BidPlatformAction.notThroughList','平台借款标管理'),(2007,41,'supervisor.bidManager.BidPlatformAction.badList','平台借款标管理'),(2008,41,'supervisor.bidManager.BidPlatformAction.auditingDetail','平台借款标管理'),(2009,41,'supervisor.bidManager.BidPlatformAction.fundraiseingDetail','平台借款标管理'),(2010,41,'supervisor.bidManager.BidPlatformAction.fullDetail','平台借款标管理'),(2011,41,'supervisor.bidManager.BidPlatformAction.loanSucceedDetail','平台借款标管理'),(2012,41,'supervisor.bidManager.BidPlatformAction.notThroughDetail','平台借款标管理'),(2013,41,'supervisor.bidManager.BidPlatformAction.sendMessages','平台借款标管理'),(2020,41,'supervisor.bidManager.BidPlatformAction.userItemsList','平台借款标管理'),(2021,41,'supervisor.bidManager.BidPlatformAction.historyDetail','平台借款标管理'),(2022,41,'supervisor.bidManager.BidPlatformAction.bidQuestion','平台借款标管理'),(2023,41,'supervisor.bidManager.BidPlatformAction.bidRecord','平台借款标管理'),(2024,41,'supervisor.bidManager.BidPlatformAction.reportRecord','平台借款标管理'),(2025,41,'supervisor.bidManager.BidPlatformAction.repaymentSituation','平台借款标管理'),(2026,41,'supervisor.bidManager.BidPlatformAction.repaymentSituationDetail','平台借款标管理'),(2027,41,'supervisor.bidManager.BidPlatformAction.siteQuality','平台借款标管理'),(2028,41,'supervisor.bidManager.BidPlatformAction.siteHot','平台借款标管理'),(2029,41,'supervisor.bidManager.BidPlatformAction.print','平台借款标管理'),(2030,41,'supervisor.bidManager.BidPlatformAction.auditToadvanceLoan','平台借款标管理'),(2031,41,'supervisor.bidManager.BidPlatformAction.auditToFundraise','平台借款标管理'),(2032,41,'supervisor.bidManager.BidPlatformAction.advanceLoanToFundraise','平台借款标管理'),(2033,41,'supervisor.bidManager.BidPlatformAction.auditToNotThrough','平台借款标管理'),(2034,41,'supervisor.bidManager.BidPlatformAction.advanceLoanToPeviewNotThrough','平台借款标管理'),(2035,41,'supervisor.bidManager.BidPlatformAction.fundraiseToPeviewNotThrough','平台借款标管理'),(2036,41,'supervisor.bidManager.BidPlatformAction.fundraiseToEaitLoan','平台借款标管理'),(2037,41,'supervisor.bidManager.BidPlatformAction.fundraiseToLoanNotThrough','平台借款标管理'),(2100,42,'supervisor.bidManager.BidAgencyAction.agencyBidList','机构合作标管理'),(2101,42,'supervisor.bidManager.BidAgencyAction.detail','机构合作标管理'),(2102,42,'supervisor.bidManager.BidAgencyAction.addAgencyBid','机构合作标管理'),(2103,42,'supervisor.bidManager.BidAgencyAction.selectUsersInit','机构合作标管理'),(2104,42,'supervisor.bidManager.BidAgencyAction.addingAgencyBid','机构合作标管理'),(2105,42,'supervisor.bidManager.BidAgencyAction.upload','机构合作标管理'),(2106,42,'supervisor.bidManager.BidAgencyAction.agencyList','机构合作标管理'),(2107,42,'supervisor.bidManager.BidAgencyAction.agencyDetail','机构合作标管理'),(2108,42,'supervisor.bidManager.BidAgencyAction.enanleAgency','机构合作标管理'),(2109,42,'supervisor.bidManager.BidAgencyAction.notEnanleAgency','机构合作标管理'),(2110,42,'supervisor.bidManager.BidAgencyAction.addAgency','机构合作标管理'),(2111,42,'supervisor.bidManager.BidAgencyAction.addingAgency','机构合作标管理'),(2112,42,'supervisor.bidManager.BidAgencyAction.checkName','机构合作标管理'),(2200,43,'supervisor.bidManager.DebtTransferAction.debtTransferPending','债权转让管理'),(2201,43,'supervisor.bidManager.DebtTransferAction.audit','债权转让管理'),(2202,43,'supervisor.bidManager.DebtTransferAction.notThrough','债权转让管理'),(2203,43,'supervisor.bidManager.DebtTransferAction.debtIsTransfer','债权转让管理'),(2204,43,'supervisor.bidManager.DebtTransferAction.transferDetails','债权转让管理'),(2205,43,'supervisor.bidManager.DebtTransferAction.viewDebtAllAuctionRecords','债权转让管理'),(2206,43,'supervisor.bidManager.DebtTransferAction.successDebtTransfer','债权转让管理'),(2207,43,'supervisor.bidManager.DebtTransferAction.successDebtDetails','债权转让管理'),(2208,43,'supervisor.bidManager.DebtTransferAction.nopassAssignedClaims','债权转让管理'),(2209,43,'supervisor.bidManager.DebtTransferAction.retrial','债权转让管理'),(2210,43,'supervisor.bidManager.DebtTransferAction.failedDebtTransfer','债权转让管理'),(2211,43,'supervisor.bidManager.DebtTransferAction.failedTransferDetails','债权转让管理'),(2212,43,'supervisor.bidManager.DebtTransferAction.ahead','债权转让管理'),(2213,43,'supervisor.bidManager.DebtTransferAction.back','债权转让管理'),(2300,44,'supervisor.bidManager.UserAuditItemAction.memberLoanAudit','会员借款资料审核管理'),(2301,44,'supervisor.bidManager.UserAuditItemAction.memberAuditDetails','会员借款资料审核管理'),(2302,44,'supervisor.bidManager.UserAuditItemAction.userAuditItemList','会员借款资料审核管理'),(2303,44,'supervisor.bidManager.UserAuditItemAction.auditDetail','会员借款资料审核管理'),(2304,44,'supervisor.bidManager.UserAuditItemAction.showitem','会员借款资料审核管理'),(2305,44,'supervisor.bidManager.UserAuditItemAction.audititem','会员借款资料审核管理'),(2306,44,'supervisor.bidManager.UserAuditItemAction.audit','会员借款资料审核管理'),(2400,45,'supervisor.bidManager.OverBorrowAction.overBorrows','超额借款管理'),(2401,45,'supervisor.bidManager.OverBorrowAction.overBorrowDetails','超额借款管理'),(2402,45,'supervisor.bidManager.OverBorrowAction.sendMessage','超额借款管理'),(2403,45,'supervisor.bidManager.OverBorrowAction.showitem','超额借款管理'),(2404,45,'supervisor.bidManager.OverBorrowAction.audit','超额借款管理'),(3000,61,'supervisor.billCollectionManager.UserLoanBills.thisMonthMaturityBills','我的会员账单'),(3001,61,'supervisor.billCollectionManager.UserLoanBills.overdueBills','我的会员账单'),(3002,61,'supervisor.billCollectionManager.UserLoanBills.paidBills','我的会员账单'),(3003,61,'supervisor.billCollectionManager.UserLoanBills.detail','我的会员账单'),(3004,61,'supervisor.billCollectionManager.UserLoanBills.billDetail','我的会员账单'),(3005,61,'supervisor.billCollectionManager.UserLoanBills.queryCollection','我的会员账单'),(3006,61,'supervisor.billCollectionManager.UserLoanBills.queryOverdue','我的会员账单'),(3007,61,'supervisor.billCollectionManager.UserLoanBills.markOverdue','我的会员账单'),(3008,61,'supervisor.billCollectionManager.UserLoanBills.updateBillCollectionByMessage','我的会员账单'),(3009,61,'supervisor.billCollectionManager.UserLoanBills.updateBillCollectionByEmail','我的会员账单'),(3010,61,'supervisor.billCollectionManager.UserLoanBills.updateBillCollectionByMobile','我的会员账单'),(3011,61,'supervisor.billCollectionManager.UserBidAction.repaymentingList','我的会员账单'),(3012,61,'supervisor.billCollectionManager.UserBidAction.repaymentList','我的会员账单'),(3013,61,'supervisor.billCollectionManager.UserBidAction.badList','我的会员账单'),(3014,61,'supervisor.billCollectionManager.UserBidAction.detail','我的会员账单'),(3015,61,'supervisor.billCollectionManager.LoanUsers.loanUserManager','我的会员账单'),(3016,61,'supervisor.billCollectionManager.LoanUsers.userBidDetail','我的会员账单'),(3017,61,'supervisor.billCollectionManager.LoanUsers.bidDetail','我的会员账单'),(3018,61,'supervisor.billCollectionManager.BadBillUsers.BadBillUserManager','我的会员账单'),(3019,61,'supervisor.billCollectionManager.BadBillUsers.userBadBidDetail','我的会员账单'),(3020,61,'supervisor.billCollectionManager.BadBillUsers.bidDetail','我的会员账单'),(3021,61,'supervisor.billCollectionManager.UserLoanBills.queryBadBills','我的会员账单'),(3022,61,'supervisor.billCollectionManager.UserLoanBills.markBillBad','我的会员账单'),(3100,62,'supervisor.billCollectionManager.ToAssignLoanUsers.toAssignUsers','部门账单管理'),(3101,62,'supervisor.billCollectionManager.ToAssignLoanUsers.loanUserAssign','部门账单管理'),(3102,62,'supervisor.billCollectionManager.ToAssignLoanUsers.assignBid','部门账单管理'),(3103,62,'supervisor.billCollectionManager.ToAssignLoanUsers.assignUser','部门账单管理'),(3104,62,'supervisor.billCollectionManager.ToAssignLoanUsers.assignUserAgain','部门账单管理'),(3105,62,'supervisor.billCollectionManager.UserLoanBills.thisMonthMaturityBillDept','部门账单管理'),(3106,62,'supervisor.billCollectionManager.UserLoanBills.overdueBillDept','部门账单管理'),(3107,62,'supervisor.billCollectionManager.UserLoanBills.paidBillDept','部门账单管理'),(3108,62,'supervisor.billCollectionManager.UserLoanBills.detailDept','部门账单管理'),(3109,62,'supervisor.billCollectionManager.UserLoanBills.billDetailDept','部门账单管理'),(3110,62,'supervisor.billCollectionManager.UserLoanBills.queryCollectionDept','部门账单管理'),(3111,62,'supervisor.billCollectionManager.UserLoanBills.markOverdueDept','部门账单管理'),(3112,62,'supervisor.billCollectionManager.UserLoanBills.updateBillCollectionDeptByMessage','部门账单管理'),(3113,62,'supervisor.billCollectionManager.UserLoanBills.updateBillCollectionDeptByEmail','部门账单管理'),(3114,62,'supervisor.billCollectionManager.UserLoanBills.updateBillCollectionDeptByMobile','部门账单管理'),(3115,62,'supervisor.billCollectionManager.UserBidAction.repaymentingListToDep','部门账单管理'),(3116,62,'supervisor.billCollectionManager.UserBidAction.repaymentListToDep','部门账单管理'),(3117,62,'supervisor.billCollectionManager.UserBidAction.badListToDep','部门账单管理'),(3118,62,'supervisor.billCollectionManager.UserBidAction.detailToDep','部门账单管理'),(3119,62,'supervisor.billCollectionManager.LoanUsers.deptLoanUserManager','部门账单管理'),(3120,62,'supervisor.billCollectionManager.LoanUsers.deptLoanUserBidDetail','部门账单管理'),(3121,62,'supervisor.billCollectionManager.LoanUsers.bidDetail','部门账单管理'),(3122,62,'supervisor.billCollectionManager.LoanUsers.deptBadLoanUserManager','部门账单管理'),(3123,62,'supervisor.billCollectionManager.LoanUsers.deptUserBidDetail','部门账单管理'),(3124,62,'supervisor.billCollectionManager.LoanUsers.bidDetailDept','部门账单管理'),(3125,62,'supervisor.billCollectionManager.LoanUsers.queryAllSupervisors','部门账单管理'),(3126,62,'supervisor.billCollectionManager.CustomerManager.customers','部门账单管理'),(3127,62,'supervisor.billCollectionManager.CustomerManager.addCustomerInit','部门账单管理'),(3128,62,'supervisor.billCollectionManager.CustomerManager.addCustomers','部门账单管理'),(3129,62,'supervisor.billCollectionManager.CustomerManager.selectedSupervisors','部门账单管理'),(3130,62,'supervisor.billCollectionManager.CustomerManager.selectSupervisorInit','部门账单管理'),(3131,62,'supervisor.billCollectionManager.CustomerManager.editSupervisorInit','部门账单管理'),(3132,62,'supervisor.billCollectionManager.CustomerManager.editSupervisor','部门账单管理'),(3133,62,'supervisor.billCollectionManager.CustomerManager.selectGroupsOfSupervisorInit','部门账单管理'),(3134,62,'supervisor.billCollectionManager.CustomerManager.setGroupsOfSupervisor','部门账单管理'),(3135,62,'supervisor.billCollectionManager.CustomerManager.enable','部门账单管理'),(3136,62,'supervisor.billCollectionManager.CustomerManager.resetPassword','部门账单管理'),(3137,62,'supervisor.billCollectionManager.LoanUsers.deptLoanBidManager','部门账单管理'),(4000,81,'supervisor.userManager.AllUser.allUser','全部会员列表'),(4001,81,'supervisor.userManager.AllUser.detail','全部会员列表'),(4002,81,'supervisor.userManager.AllUser.stationLetter','全部会员列表'),(4003,81,'supervisor.userManager.AllUser.email','全部会员列表'),(4004,81,'supervisor.userManager.AllUser.sendMsg','全部会员列表'),(4005,81,'supervisor.userManager.AllUser.resetPassword','全部会员列表'),(4006,81,'supervisor.userManager.AllUser.simulateLogin','全部会员列表'),(4007,81,'supervisor.userManager.AllUser.lockUser','全部会员列表'),(4101,82,'supervisor.userManager.LoanUser.loanUser','借款会员列表'),(4102,82,'supervisor.userManager.LoanUser.detail','借款会员列表'),(4103,82,'supervisor.userManager.LoanUser.stationLetter','借款会员列表'),(4104,82,'supervisor.userManager.LoanUser.email','借款会员列表'),(4105,82,'supervisor.userManager.LoanUser.sendMsg','借款会员列表'),(4106,82,'supervisor.userManager.LoanUser.resetPassword','借款会员列表'),(4107,82,'supervisor.userManager.LoanUser.simulateLogin','借款会员列表'),(4108,82,'supervisor.userManager.LoanUser.lockUser','借款会员列表'),(4201,83,'supervisor.userManager.InvestUser.investUser','理财会员列表'),(4202,83,'supervisor.userManager.InvestUser.detail','理财会员列表'),(4203,83,'supervisor.userManager.InvestUser.stationLetter','理财会员列表'),(4204,83,'supervisor.userManager.InvestUser.email','理财会员列表'),(4205,83,'supervisor.userManager.InvestUser.sendMsg','理财会员列表'),(4206,83,'supervisor.userManager.InvestUser.resetPassword','理财会员列表'),(4207,83,'supervisor.userManager.InvestUser.simulateLogin','理财会员列表'),(4208,83,'supervisor.userManager.InvestUser.lockUser','理财会员列表'),(4301,84,'supervisor.userManager.ComplexUser.complexUser','复合会员列表'),(4302,84,'supervisor.userManager.ComplexUser.detail','复合会员列表'),(4303,84,'supervisor.userManager.ComplexUser.stationLetter','复合会员列表'),(4304,84,'supervisor.userManager.ComplexUser.email','复合会员列表'),(4305,84,'supervisor.userManager.ComplexUser.sendMsg','复合会员列表'),(4306,84,'supervisor.userManager.ComplexUser.resetPassword','复合会员列表'),(4307,84,'supervisor.userManager.ComplexUser.simulateLogin','复合会员列表'),(4308,84,'supervisor.userManager.ComplexUser.lockUser','复合会员列表'),(4401,85,'supervisor.userManager.VIPUser.vipUser','VIP会员列表'),(4402,85,'supervisor.userManager.VIPUser.detail','VIP会员列表'),(4403,85,'supervisor.userManager.VIPUser.stationLetter','VIP会员列表'),(4404,85,'supervisor.userManager.VIPUser.email','VIP会员列表'),(4405,85,'supervisor.userManager.VIPUser.sendMsg','VIP会员列表'),(4406,85,'supervisor.userManager.VIPUser.resetPassword','VIP会员列表'),(4407,85,'supervisor.userManager.VIPUser.simulateLogin','VIP会员列表'),(4408,85,'supervisor.userManager.VIPUser.lockUser','VIP会员列表'),(4501,86,'supervisor.userManager.CPSUser.cpsUser','CPS会员列表'),(4502,86,'supervisor.userManager.CPSUser.detail','CPS会员列表'),(4503,86,'supervisor.userManager.CPSUser.stationLetter','CPS会员列表'),(4504,86,'supervisor.userManager.CPSUser.email','CPS会员列表'),(4505,86,'supervisor.userManager.CPSUser.sendMsg','CPS会员列表'),(4506,86,'supervisor.userManager.CPSUser.resetPassword','CPS会员列表'),(4507,86,'supervisor.userManager.CPSUser.simulateLogin','CPS会员列表'),(4508,86,'supervisor.userManager.CPSUser.lockUser','CPS会员列表'),(4601,87,'supervisor.userManager.InactiveUser.inactiveUser','未激活会员列表'),(4602,87,'supervisor.userManager.InactiveUser.activeUser','未激活会员列表'),(4701,88,'supervisor.userManager.LockedUser.lockedUser','已锁定会员列表'),(4702,88,'supervisor.userManager.LockedUser.openUser','已锁定会员列表'),(4801,89,'supervisor.userManager.ReportedUser.reportedUser','被举报会员列表'),(4802,89,'supervisor.userManager.ReportedUser.detail','被举报会员列表'),(4803,89,'supervisor.userManager.ReportedUser.stationLetter','被举报会员列表'),(4804,89,'supervisor.userManager.ReportedUser.email','被举报会员列表'),(4805,89,'supervisor.userManager.ReportedUser.sendMsg','被举报会员列表'),(4806,89,'supervisor.userManager.ReportedUser.simulateLogin','被举报会员列表'),(4807,89,'supervisor.userManager.ReportedUser.reportUsers','被举报会员列表'),(4808,89,'supervisor.userManager.ReportedUser.addBlacklist','被举报会员列表'),(4901,90,'supervisor.userManager.BlacklistUser.blacklistUser','黑名单会员列表'),(4902,90,'supervisor.userManager.BlacklistUser.simulateLogin','黑名单会员列表'),(4903,90,'supervisor.userManager.BlacklistUser.removeBlacklist','黑名单会员列表'),(5000,101,'supervisor.financeManager.LoanManager.readyReleaseList','放款管理'),(5001,101,'supervisor.financeManager.LoanManager.releaseAudit','放款管理'),(5002,101,'supervisor.financeManager.LoanManager.alreadyReleaseList','放款管理'),(5003,101,'supervisor.financeManager.LoanManager.detail','放款管理'),(5004,101,'supervisor.financeManager.LoanManager.userBank','放款管理'),(5005,101,'supervisor.financeManager.LoanManager.releaseSign','放款管理'),(5101,102,'supervisor.financeManager.ReceivableBillManager.toReceiveBills','应收账单管理'),(5102,102,'supervisor.financeManager.ReceivableBillManager.overdueBills','应收账单管理'),(5103,102,'supervisor.financeManager.ReceivableBillManager.receivedBills','应收账单管理'),(5104,102,'supervisor.financeManager.ReceivableBillManager.billDetail','应收账单管理'),(5105,102,'supervisor.financeManager.ReceivableBillManager.bidDetail','应收账单管理'),(5106,102,'supervisor.financeManager.ReceivableBillManager.repaymentList','应收账单管理'),(5107,102,'supervisor.financeManager.ReceivableBillManager.receivableBills','应收账单管理'),(5108,102,'supervisor.financeManager.ReceivableBillManager.billDetail','应收账单管理'),(5109,102,'supervisor.financeManager.ReceivableBillManager.bidDetail','应收账单管理'),(5110,102,'supervisor.financeManager.ReceivableBillManager.offlineReceive','应收账单管理'),(5201,103,'supervisor.financeManager.PayableBillManager.toPayBills','应付账单管理'),(5202,103,'supervisor.financeManager.PayableBillManager.investBillDetails','应付账单管理'),(5203,103,'supervisor.financeManager.PayableBillManager.overdueBills','应付账单管理'),(5204,103,'supervisor.financeManager.PayableBillManager.paidBills','应付账单管理'),(5205,103,'supervisor.financeManager.PayableBillManager.principalAdvanceBills','应付账单管理'),(5206,103,'supervisor.financeManager.PayableBillManager.payableBills','应付账单管理'),(5207,103,'supervisor.financeManager.PayableBillManager.badList','应付账单管理'),(5208,103,'supervisor.financeManager.PayableBillManager.billDetail','应付账单管理'),(5209,103,'supervisor.financeManager.PayableBillManager.bidDetail','应付账单管理'),(5210,103,'supervisor.financeManager.PayableBillManager.principalAdvance','应付账单管理'),(5211,103,'supervisor.financeManager.PayableBillManager.overdueUnpaidBills','应付账单管理'),(5212,103,'supervisor.financeManager.PayableBillManager.investBill','应付账单管理'),(5213,103,'supervisor.financeManager.PayableBillManager.investBillForPay','应付账单管理'),(5214,103,'supervisor.financeManager.PayableBillManager.payInvestBill','应付账单管理'),(5300,104,'supervisor.financeManager.PlatformAccountManager.toReviewWithdraws','平台账户管理'),(5301,104,'supervisor.financeManager.PlatformAccountManager.withdrawPass','平台账户管理'),(5302,104,'supervisor.financeManager.PlatformAccountManager.withdrawReview','平台账户管理'),(5303,104,'supervisor.financeManager.PlatformAccountManager.withdrawDetail','平台账户管理'),(5304,104,'supervisor.financeManager.PlatformAccountManager.toPayWithdraws','平台账户管理'),(5305,104,'supervisor.financeManager.PlatformAccountManager.payNotificationInit','平台账户管理'),(5306,104,'supervisor.financeManager.PlatformAccountManager.payNotification','平台账户管理'),(5307,104,'supervisor.financeManager.PlatformAccountManager.printPayBill','平台账户管理'),(5308,104,'supervisor.financeManager.PlatformAccountManager.paidWithdraws','平台账户管理'),(5309,104,'supervisor.financeManager.PlatformAccountManager.noPassWithdraws','平台账户管理'),(5310,104,'supervisor.financeManager.PlatformAccountManager.noPassWithdrawReason','平台账户管理'),(5311,104,'supervisor.financeManager.PlatformAccountManager.simulateLogin','平台账户管理'),(5312,104,'supervisor.financeManager.PlatformAccountManager.printPayBill','平台账户管理'),(5313,104,'supervisor.financeManager.PlatformAccountManager.noPassWithdrawDetail','平台账户管理'),(5314,104,'supervisor.financeManager.PlatformAccountManager.manualRecharge','平台账户管理'),(5315,104,'supervisor.financeManager.PlatformAccountManager.transactionRecords','平台账户管理'),(5316,104,'supervisor.financeManager.PlatformAccountManager.ppAccountManagement','平台账户管理'),(5317,104,'supervisor.financeManager.PlatformAccountManager.ppAccountInfo','平台账户管理'),(5318,104,'supervisor.financeManager.PlatformAccountManager.addPrincipalProtection','平台账户管理'),(5319,104,'supervisor.financeManager.PlatformAccountManager.principalProtectionRecords','平台账户管理'),(5320,104,'supervisor.financeManager.PlatformAccountManager.queryUserByName','平台账户管理'),(5321,104,'supervisor.financeManager.PlatformAccountManager.rechargeByHand','平台账户管理'),(5401,105,'supervisor.financeManager.FundsEscrowAccountManager.accountInfo','资金托管账户管理'),(5402,105,'supervisor.financeManager.FundsEscrowAccountManager.login','资金托管账户管理'),(5403,105,'supervisor.financeManager.FundsEscrowAccountManager.fundsEscrowProtocol','资金托管账户管理'),(5404,105,'supervisor.financeManager.FundsEscrowAccountManager.upload','资金托管账户管理'),(6000,121,'supervisor.networkMarketing.CPSSpreadAction.CPSAll','CPS推广管理'),(6001,121,'supervisor.networkMarketing.CPSSpreadAction.CPSDetail','CPS推广管理'),(6002,121,'supervisor.networkMarketing.CPSSpreadAction.CPSRebateDetail','CPS推广管理'),(6003,121,'supervisor.networkMarketing.CPSSpreadAction.CPSTransactionDetail','CPS推广管理'),(6004,121,'supervisor.networkMarketing.CPSSpreadAction.CPSRebateStatistic','CPS推广管理'),(6005,121,'supervisor.networkMarketing.CPSSpreadAction.CPSSpreadRule','CPS推广管理'),(6006,121,'supervisor.networkMarketing.CPSSpreadAction.saveRule','CPS推广管理'),(6100,122,'supervisor.networkMarketing.NetworkTrafficAction.trafficStatistic','网站流量统计分析'),(6101,122,'supervisor.networkMarketing.NetworkTrafficAction.applyOpen','网站流量统计分析'),(6102,122,'supervisor.networkMarketing.NetworkTrafficAction.open','网站流量统计分析'),(6103,122,'supervisor.networkMarketing.NetworkTrafficAction.account','网站流量统计分析'),(6104,122,'supervisor.networkMarketing.NetworkTrafficAction.loginSuccess','网站流量统计分析'),(6105,122,'supervisor.networkMarketing.NetworkTrafficAction.notAccount','网站流量统计分析'),(6106,122,'supervisor.networkMarketing.NetworkTrafficAction.saveNetworkTraffic','网站流量统计分析'),(6107,122,'supervisor.networkMarketing.NetworkTrafficAction.editNetworkTraffic','网站流量统计分析'),(6200,123,'supervisor.networkMarketing.SEOSettingAction.SEOSite','SEO设置'),(6201,123,'supervisor.networkMarketing.SEOSettingAction.save','SEO设置'),(7000,141,'supervisor.dataStatistics.FinancialStatisticsAction.rechargeStatistic','财务数据统计分析表'),(7002,141,'supervisor.dataStatistics.FinancialStatisticsAction.withdrawalStatistic','财务数据统计分析表'),(7004,141,'supervisor.dataStatistics.FinancialStatisticsAction.incomeStatistic','财务数据统计分析表'),(7006,141,'supervisor.dataStatistics.FinancialStatisticsAction.floatAurum','财务数据统计分析表'),(7008,141,'supervisor.dataStatistics.FinancialStatisticsAction.guaranteeStatistic','财务数据统计分析表'),(7100,142,'supervisor.dataStatistics.OperationStatisticsAction.userStatistic','运营数据统计分析'),(7101,142,'supervisor.dataStatistics.OperationStatisticsAction.loanStatistic','运营数据统计分析'),(7102,142,'supervisor.dataStatistics.OperationStatisticsAction.investorsStatistic','运营数据统计分析'),(7103,142,'supervisor.dataStatistics.OperationStatisticsAction.loanBidStatistic','运营数据统计分析'),(7104,142,'supervisor.dataStatistics.OperationStatisticsAction.debtStatistic','运营数据统计分析'),(7105,142,'supervisor.dataStatistics.OperationStatisticsAction.auditItemsStatistic','运营数据统计分析'),(8001,161,'supervisor.systemSettings.SecuritySettingAction.UKeyList','安全设计'),(8002,161,'supervisor.systemSettings.SecuritySettingAction.safeParam','安全设计'),(8003,161,'supervisor.systemSettings.SecuritySettingAction.saveSafeParam','安全设计'),(8004,161,'supervisor.systemSettings.SecuritySettingAction.safeQuestion','安全设计'),(8005,161,'supervisor.systemSettings.SecuritySettingAction.addsafeQuestion','安全设计'),(8006,161,'supervisor.systemSettings.SecuritySettingAction.updateSafeQuestion','安全设计'),(8008,161,'supervisor.systemSettings.SecuritySettingAction.UKeyListDetail','安全设计'),(8009,161,'supervisor.systemSettings.SecuritySettingAction.updateUKey','安全设计'),(8010,161,'supervisor.systemSettings.SecuritySettingAction.addUKey','安全设计'),(8011,161,'supervisor.systemSettings.SecuritySettingAction.selectSupervisor','安全设计'),(8012,161,'supervisor.systemSettings.SecuritySettingAction.addQuestion','安全设计'),(8013,161,'supervisor.systemSettings.DBOperationAction.db','安全设计'),(8014,161,'supervisor.systemSettings.DBOperationAction.clearData','安全设计'),(8015,161,'supervisor.systemSettings.DBOperationAction.reset','安全设计'),(8016,161,'supervisor.systemSettings.DBOperationAction.recoverFromOperation','安全设计'),(8017,161,'supervisor.systemSettings.DBOperationAction.backup','安全设计'),(8101,162,'supervisor.systemSettings.FinanceSettingAction.serviceFees','财务设置'),(8102,162,'supervisor.systemSettings.FinanceSettingAction.saveServiceFees','财务设置'),(8103,162,'supervisor.systemSettings.FinanceSettingAction.payment','财务设置'),(8104,162,'supervisor.systemSettings.FinanceSettingAction.payableBills','财务设置'),(8105,162,'supervisor.systemSettings.FinanceSettingAction.saveBillsPayable','财务设置'),(8106,162,'supervisor.systemSettings.FinanceSettingAction.managedFunds','财务设置'),(8107,162,'supervisor.systemSettings.FinanceSettingAction.systemScoreRule','财务设置'),(8108,162,'supervisor.systemSettings.FinanceSettingAction.setSystemScoreRule','财务设置'),(8109,162,'supervisor.systemSettings.FinanceSettingAction.savePayment','财务设置'),(8110,162,'supervisor.systemSettings.FinanceSettingAction.dealDetails','财务设置'),(8111,162,'supervisor.systemSettings.FinanceSettingAction.eventDetails','财务设置'),(8112,162,'supervisor.systemSettings.FinanceSettingAction.saveManagedFunds','财务设置'),(8113,162,'supervisor.systemSettings.FinanceSettingAction.joinSetting','财务设置'),(8114,162,'supervisor.systemSettings.FinanceSettingAction.saveJoinSetting','财务设置'),(8115,162,'supervisor.systemSettings.FinanceSettingAction.bindPlatform','财务设置'),(8116,162,'supervisor.systemSettings.FinanceSettingAction.updatePlatform','财务设置'),(8200,163,'supervisor.systemSettings.supervisorAction.list','系统管理员列表'),(8201,163,'supervisor.systemSettings.supervisorAction.createSupervisorInit','添加管理员初始化'),(8202,163,'supervisor.systemSettings.supervisorAction.createSupervisor','添加管理员'),(8203,163,'supervisor.systemSettings.supervisorAction.editSupervisorInit','编辑管理员初始化'),(8204,163,'supervisor.systemSettings.supervisorAction.editSupervisor','编辑管理员'),(8205,163,'supervisor.systemSettings.supervisorAction.selectGroupsOfSupervisorInit','选择管理员的权限组'),(8206,163,'supervisor.systemSettings.supervisorAction.setGroupsOfSupervisor','设置管理员的权限组'),(8207,163,'supervisor.systemSettings.supervisorAction.detail','查看管理员详情'),(8208,163,'supervisor.systemSettings.supervisorAction.setRightsInit','设置权限初始化'),(8209,163,'supervisor.systemSettings.supervisorAction.setRights','设置权限'),(8210,163,'supervisor.systemSettings.supervisorAction.enable','锁定/启用'),(8211,163,'supervisor.systemSettings.supervisorAction.deleteSupervisor','删除管理员'),(8212,163,'supervisor.systemSettings.supervisorAction.resetPassword','重置管理员密码'),(8301,164,'supervisor.systemSettings.rightAction.rightsMap','权限地图'),(8302,164,'supervisor.systemSettings.rightAction.rightsManage','权限管理'),(8303,164,'supervisor.systemSettings.rightAction.addRightGroupInit','添加权限组初始化'),(8304,164,'supervisor.systemSettings.rightAction.addRightGroup','添加权限组'),(8305,164,'supervisor.systemSettings.rightAction.editRightGroupInit','编辑权限组初始化'),(8306,164,'supervisor.systemSettings.rightAction.editRightGroup','编辑权限组'),(8307,164,'supervisor.systemSettings.rightAction.setGroupRosterInit','编辑权限组名单初始化'),(8308,164,'supervisor.systemSettings.rightAction.setGroupRoster','编辑权限组名单'),(8309,164,'supervisor.systemSettings.rightAction.setGroupRightsInit','权限组权限设置初始化'),(8310,164,'supervisor.systemSettings.rightAction.setGroupRights','权限组权限设置'),(8311,164,'supervisor.systemSettings.rightAction.querySupervisorByName','查询管理员通过账号'),(8312,164,'supervisor.systemSettings.rightAction.selectGroupRosterInit','选择管理员名单'),(8313,164,'supervisor.systemSettings.rightAction.selectSupervisorInit','选择管理员'),(8314,164,'supervisor.systemSettings.rightAction.addSupervisor','添加管理员'),(8315,164,'supervisor.systemSettings.rightAction.deleteRightGroup','删除权限组'),(8401,165,'supervisor.systemSettings.TripartiteSettingAction.SMSPassage','第三方通道设置'),(8402,165,'supervisor.systemSettings.TripartiteSettingAction.saveSMS','第三方通道设置'),(8403,165,'supervisor.systemSettings.TripartiteSettingAction.mailPassage','第三方通道设置'),(8404,165,'supervisor.systemSettings.TripartiteSettingAction.saveMail','第三方通道设置'),(8501,166,'supervisor.systemSettings.LogManagerAction.logs','操作日志管理'),(8502,166,'supervisor.systemSettings.LogManagerAction.deleteLogsInit','操作日志管理'),(8503,166,'supervisor.systemSettings.LogManagerAction.deleteLogs','操作日志管理'),(8601,167,'supervisor.systemSettings.SoftwareLicensAction.basicInfo','软件授权设置'),(8602,167,'supervisor.systemSettings.SoftwareLicensAction.upload','软件授权设置'),(8603,167,'supervisor.systemSettings.SoftwareLicensAction.saveSystemData','软件授权设置'),(8604,167,'supervisor.systemSettings.SoftwareLicensAction.getProvinces','软件授权设置'),(8605,167,'supervisor.systemSettings.SoftwareLicensAction.genuineSoftware','软件授权设置'),(8606,167,'supervisor.systemSettings.SoftwareLicensAction.register','软件授权设置'),(8607,167,'supervisor.systemSettings.SoftwareLicensAction.notRegister','软件授权设置'),(8608,167,'supervisor.systemSettings.SoftwareLicensAction.saveSoftwareLicens','软件授权设置'),(9000,181,'supervisor.obuUnion.OBUUnionAction.index','OBU风控联盟');

/*Data for the table `t_right_groups` */

insert  into `t_right_groups`(`id`,`name`,`description`,`right_modules`) values (1,'超级管理员组','具有云平台后台系统最高权限','1,2,3,4,5,6,7,8,9,10'),(2,'普通管理员组','具有管理首页的权限','1'),(3,'网站内容管理','网站内容管理','2'),(4,'借款标管理','借款标管理','3'),(5,'账单催收管理','账单催收管理','4'),(6,'会员管理','会员管理','5'),(7,'财务管理','财务管理','6'),(8,'平台推广','平台推广','7'),(9,'数据统计','数据统计','8'),(10,'系统设置','系统设置','9'),(11,'OBD风控联盟','OBD风控联盟','5,7'),(17,'test','test','');

/*Data for the table `t_right_groups_of_supervisor` */

insert  into `t_right_groups_of_supervisor`(`id`,`supervisor_id`,`group_id`) values (25,2,11),(26,1,1),(28,1,2),(29,2,2),(30,4,2),(31,6,2),(37,11,2),(38,11,3),(39,15,2),(40,15,3);

/*Data for the table `t_right_types` */

insert  into `t_right_types`(`id`,`name`,`code`,`description`,`is_use`) values (1,'管理首页',NULL,NULL,NULL),(2,'平台内容管理',NULL,NULL,NULL),(3,'借款标管理',NULL,NULL,NULL),(4,'账单催收管理',NULL,NULL,NULL),(5,'会员管理',NULL,NULL,NULL),(6,'财务管理',NULL,NULL,NULL),(7,'平台推广',NULL,NULL,NULL),(8,'数据统计',NULL,NULL,NULL),(9,'系统设置',NULL,NULL,NULL),(10,'OBU风控联盟',NULL,NULL,NULL);

/*Data for the table `t_rights` */

insert  into `t_rights`(`id`,`type_id`,`name`,`code`,`description`) values (1,1,'首页',NULL,NULL),(21,2,'新闻资讯管理',NULL,''),(22,2,'广告内容管理',NULL,''),(23,2,'站内信管理',NULL,''),(24,2,'借款标产品管理',NULL,''),(25,2,'系统通知模板管理',NULL,NULL),(41,3,'平台借款标管理',NULL,NULL),(42,3,'机构合作标管理',NULL,NULL),(43,3,'债权转让管理',NULL,NULL),(44,3,'会员借款资料审核管理',NULL,NULL),(45,3,'超额借款管理',NULL,NULL),(61,4,'我的会员账单',NULL,NULL),(62,4,'部门账单管理',NULL,NULL),(81,5,'全部会员列表',NULL,NULL),(82,5,'借款会员列表',NULL,NULL),(83,5,'理财会员列表',NULL,NULL),(84,5,'复合会员列表',NULL,NULL),(85,5,'VIP会员列表',NULL,NULL),(86,5,'CPS会员列表',NULL,NULL),(87,5,'未激活会员列表',NULL,NULL),(88,5,'已锁定会员列表',NULL,NULL),(89,5,'被举报会员列表',NULL,NULL),(90,5,'黑名单会员列表',NULL,NULL),(101,6,'放款管理',NULL,NULL),(102,6,'应收账单管理',NULL,NULL),(103,6,'应付账单管理',NULL,NULL),(104,6,'平台账户管理',NULL,NULL),(105,6,'资金托管账户管理',NULL,NULL),(121,7,'CPS推广管理',NULL,NULL),(122,7,'网站流量统计分析',NULL,NULL),(123,7,'SEO设置',NULL,NULL),(141,8,'财务数据统计分析',NULL,NULL),(142,8,'运营数据统计分析',NULL,NULL),(161,9,'安全设置',NULL,NULL),(162,9,'财务设置',NULL,NULL),(163,9,'管理员管理',NULL,NULL),(164,9,'权限管理',NULL,NULL),(165,9,'第三方通道设置',NULL,NULL),(166,9,'操作日志管理',NULL,NULL),(167,9,'软件授权设置',NULL,NULL),(181,10,'OBU风控联盟',NULL,NULL);

/*Data for the table `t_rights_of_group` */

/*Data for the table `t_rights_of_supervisor` */

insert  into `t_rights_of_supervisor`(`id`,`supervisor_id`,`right_id`) values (2,1,1),(3,1,21),(4,1,22),(5,1,23),(6,1,24),(7,1,25),(8,1,41),(9,1,42),(10,1,43),(11,1,44),(12,1,45),(13,1,61),(14,1,62),(15,1,81),(16,1,82),(17,1,83),(18,1,84),(19,1,85),(20,1,86),(21,1,87),(22,1,88),(23,1,89),(24,1,90),(25,1,101),(26,1,102),(27,1,103),(28,1,104),(29,1,105),(30,1,121),(31,1,122),(32,1,123),(33,1,141),(34,1,142),(35,1,161),(36,1,162),(37,1,163),(38,1,164),(39,1,165),(40,1,166),(41,1,167),(42,1,181),(44,2,61);

/*Data for the table `t_supervisor_event_types` */

insert  into `t_supervisor_event_types`(`id`,`name`,`code`,`description`,`is_use`) values (1,'添加内容','','',''),(2,'删除内空','','',''),(3,'编辑内容',NULL,NULL,'\0'),(4,'添加类别',NULL,NULL,'\0'),(5,'添加子类别',NULL,NULL,'\0'),(6,'删除类别',NULL,NULL,'\0'),(7,'编辑类别',NULL,NULL,'\0'),(8,'隐藏类别',NULL,NULL,'\0'),(9,'显示类别',NULL,NULL,'\0'),(100,'编辑广告内',NULL,NULL,'\0'),(101,'暂停广告内',NULL,NULL,'\0'),(102,'启用广告内',NULL,NULL,'\0'),(103,'编辑4大安全保障',NULL,NULL,'\0'),(104,'暂停4大安全保障',NULL,NULL,'\0'),(105,'启用4大安全保障',NULL,NULL,'\0'),(106,'添加合作伙伴',NULL,NULL,'\0'),(107,'删除合作伙伴',NULL,NULL,'\0'),(108,'编辑合作伙伴',NULL,NULL,'\0'),(109,'编辑底部链接',NULL,NULL,'\0'),(200,'发送站内信',NULL,NULL,'\0'),(201,'群发站内信',NULL,NULL,'\0'),(202,'快捷站内信',NULL,NULL,'\0'),(203,'回复站内信',NULL,NULL,'\0'),(204,'删除收件箱站内信',NULL,NULL,'\0'),(205,'删除发件箱站内信',NULL,NULL,'\0'),(207,'拒收会员',NULL,NULL,'\0'),(208,'接收会员',NULL,NULL,'\0'),(300,'添加借款标产品',NULL,NULL,'\0'),(301,'编辑借款标产品',NULL,NULL,'\0'),(302,'暂停借款标产品',NULL,NULL,'\0'),(303,'启用借款标产品',NULL,NULL,'\0'),(304,'添加产品标签',NULL,NULL,'\0'),(305,'删除产品标签',NULL,NULL,'\0'),(306,'添加产品字段',NULL,NULL,'\0'),(307,'删除产品字段',NULL,NULL,'\0'),(314,'添加审核科目',NULL,NULL,'\0'),(315,'编辑审核科目',NULL,NULL,'\0'),(316,'暂停审核科目',NULL,NULL,'\0'),(317,'启用审核科目',NULL,NULL,'\0'),(318,'添加信用等级',NULL,NULL,'\0'),(319,'编辑信用等级',NULL,NULL,'\0'),(320,'暂停信用等级',NULL,NULL,'\0'),(321,'启用信用等级',NULL,NULL,'\0'),(322,'设置信用积分规则',NULL,NULL,'\0'),(323,'设置借款标常量',NULL,NULL,'\0'),(400,'编辑邮件模板',NULL,NULL,'\0'),(401,'暂停邮件模板',NULL,NULL,'\0'),(402,'启用邮件模板',NULL,NULL,'\0'),(403,'编辑短信模版',NULL,NULL,'\0'),(404,'暂停短信模版',NULL,NULL,'\0'),(405,'启用短信模版',NULL,NULL,'\0'),(406,'编辑站内信系统模版',NULL,NULL,'\0'),(407,'暂停站内信系统模版',NULL,NULL,'\0'),(408,'启用站内信系统模版',NULL,NULL,'\0'),(409,'添加站内信自定义模版',NULL,NULL,'\0'),(410,'编辑站内信自定义模版',NULL,NULL,'\0'),(411,'暂停站内信自定义模版',NULL,NULL,'\0'),(412,'启用站内信自定义模版',NULL,NULL,'\0'),(1000,'审核借款标（审核通过、审核不通过、借款中不通过，提前在线借款）',NULL,NULL,'\0'),(1001,'标记借款标为火',NULL,NULL,'\0'),(1002,'设置借款标为优质标',NULL,NULL,'\0'),(1003,'打印借款标',NULL,NULL,'\0'),(1004,'放款审核借款标（同意放款、不同意放款）',NULL,NULL,'\0'),(1100,'发布机构合作标',NULL,NULL,'\0'),(1101,'添加合作机构',NULL,NULL,'\0'),(1102,'暂停合作机构',NULL,NULL,'\0'),(1103,'启用合作机构',NULL,NULL,'\0'),(1200,'审核债权转让标',NULL,NULL,'\0'),(1201,'设为优质债权转让标',NULL,NULL,'\0'),(1202,'重审债权转让标',NULL,NULL,'\0'),(1300,'审核资料（可见通过、不可见通过，不通过）',NULL,NULL,'\0'),(1301,'下载资料',NULL,NULL,'\0'),(1400,'审核超额借款（通过、不通过）',NULL,NULL,'\0'),(2000,'账单催收（发站内信、发邮件、打电话）',NULL,NULL,'\0'),(2001,'标记账单为逾期',NULL,NULL,'\0'),(2002,'标记账单为坏账',NULL,NULL,'\0'),(2003,'分配借款标',NULL,NULL,'\0'),(2004,'分配会员所有借款标',NULL,NULL,'\0'),(2005,'添加客服',NULL,NULL,'\0'),(2006,'重新分配会员',NULL,NULL,'\0'),(2009,'模拟客服登录',NULL,NULL,'\0'),(3000,'给用户发站内信',NULL,NULL,'\0'),(3001,'给用户发邮件',NULL,NULL,'\0'),(3002,'给用户发短信',NULL,NULL,'\0'),(3003,'重置用户密码',NULL,NULL,'\0'),(3004,'模拟用户登录',NULL,NULL,'\0'),(3005,'锁定用户',NULL,NULL,'\0'),(3006,'启用用户',NULL,NULL,'\0'),(3007,'手动激活用户',NULL,NULL,'\0'),(3008,'添加黒名单',NULL,NULL,'\0'),(3009,'解除黑名单',NULL,NULL,'\0'),(3010,'激活邮箱',NULL,NULL,'\0'),(4000,'编辑借款人放款账号',NULL,NULL,'\0'),(4001,'放款',NULL,NULL,'\0'),(4002,'应收账单管理-线下收款',NULL,NULL,'\0'),(4003,'应付账单管理-本金垫付',NULL,NULL,'\0'),(4004,'审核提现（通过、不通过）',NULL,NULL,'\0'),(4005,'付款通知（短信、站内信、邮件）',NULL,NULL,'\0'),(4006,'打印付款单',NULL,NULL,'\0'),(4007,'退回',NULL,NULL,'\0'),(4008,'手工充值',NULL,NULL,'\0'),(4009,'添加保障金',NULL,NULL,'\0'),(5000,'CPS推广规则设置',NULL,NULL,'\0'),(5001,'编辑流量统计代码',NULL,NULL,'\0'),(5002,'SEO优化设置',NULL,NULL,'\0'),(6000,'#******数据统计******',NULL,NULL,'\0'),(7000,'制作安全云盾',NULL,NULL,'\0'),(7001,'编辑安全云盾',NULL,NULL,'\0'),(7002,'删除安全云盾',NULL,NULL,'\0'),(7003,'安全参数设置',NULL,NULL,'\0'),(7004,'添加安全问题',NULL,NULL,'\0'),(7005,'暂停安全问题',NULL,NULL,'\0'),(7006,'启用安全问题',NULL,NULL,'\0'),(7007,'清空数据',NULL,NULL,'\0'),(7008,'还原出厂初始数据',NULL,NULL,'\0'),(7009,'还原运营数据',NULL,NULL,'\0'),(7010,'备份数据',NULL,NULL,'\0'),(7011,'平台服务费设置',NULL,NULL,'\0'),(7012,'支付方式设置',NULL,NULL,'\0'),(7013,'应付账单设置',NULL,NULL,'\0'),(7014,'资金托管账户设置',NULL,NULL,'\0'),(7015,'系统积分规则设置',NULL,NULL,'\0'),(7500,'登陆',NULL,NULL,'\0'),(7501,'注销',NULL,NULL,'\0'),(7502,'添加管理员',NULL,NULL,'\0'),(7503,'删除管理员',NULL,NULL,'\0'),(7504,'编辑管理员',NULL,NULL,'\0'),(7505,'给管理员分配权限',NULL,NULL,'\0'),(7506,'编辑管理员权限组',NULL,NULL,'\0'),(7508,'锁定管理员',NULL,NULL,'\0'),(7509,'启用管理员',NULL,NULL,'\0'),(7510,'重置管理员密码',NULL,NULL,'\0'),(7511,'添加权限组',NULL,NULL,'\0'),(7512,'删除权限组',NULL,NULL,'\0'),(7513,'编辑权限组',NULL,NULL,'\0'),(7514,'给权限组分配权限',NULL,NULL,'\0'),(7515,'编辑权限组名单',NULL,NULL,'\0'),(7600,'短信发送通道设置',NULL,NULL,'\0'),(7601,'邮件发送通道设置',NULL,NULL,'\0'),(7602,'删除操作日志',NULL,NULL,'\0'),(7603,'网贷软件系统基本资料设置',NULL,NULL,'\0'),(7604,'正版软件认证',NULL,NULL,'\0'),(8000,'OBU风控联盟',NULL,NULL,'\0');

/*Data for the table `t_supervisor_events` */

insert  into `t_supervisor_events`(`id`,`supervisor_id`,`time`,`ip`,`type_id`,`descrption`) values (48896,1,'2015-02-25 20:19:24','112.95.172.44',7500,'登录'),(48897,1,'2015-02-25 20:19:35','112.95.172.44',7504,'编辑管理员'),(48898,1,'2015-02-25 20:20:06','112.95.172.44',7014,'资金托管设置'),(48899,1,'2015-02-25 21:01:26','112.95.172.42',7500,'登录'),(48900,1,'2015-02-25 21:02:58','112.95.172.44',7014,'资金托管设置'),(48901,1,'2015-02-25 21:03:11','112.95.172.44',7014,'资金托管设置'),(48902,1,'2015-02-25 21:12:54','112.95.172.44',7500,'登录'),(48903,1,'2015-02-27 09:40:02','113.240.123.81',7500,'登录'),(48904,1,'2015-03-04 14:37:53','118.250.10.9',7500,'登录');

/*Data for the table `t_supervisors` */

insert  into `t_supervisors`(`id`,`time`,`name`,`reality_name`,`password`,`password_continuous_errors`,`is_password_error_locked`,`password_error_locked_time`,`is_allow_login`,`login_count`,`last_login_time`,`last_login_ip`,`last_logout_time`,`last_login_city`,`email`,`telephone`,`mobile1`,`mobile2`,`office_telephone`,`fax_number`,`sex`,`birthday`,`level`,`is_erased`,`creater_id`,`ukey`,`is_customer`,`customer_num`) values (1,'2014-04-04 16:28:35','supervisor','系统管理员','c13b03a571fd63130cc7068701f33c4c',0,'\0',NULL,'',512,'2015-03-04 14:37:53','118.250.10.9','2014-12-29 17:20:00','湖南长沙','zouling@eims.com.cn','10086','13415204711','',NULL,NULL,1,'2009-05-19 00:00:00',1,'\0',0,'ukey001',NULL,NULL),(2,'2014-08-16 09:46:24','gl2','张三','bc21f267a1fb6ab7185f811e8a452d37',0,'\0',NULL,'',9,'2014-09-11 09:05:46','127.0.0.1','2014-09-11 09:27:14','','zl@eims.com.cn',NULL,'13415204793','',NULL,NULL,3,'2014-09-04 00:00:00',0,NULL,0,NULL,'','KF2'),(3,'2014-09-02 17:27:10','gl3','test1','bc21f267a1fb6ab7185f811e8a452d37',0,'\0',NULL,'',2,'2014-09-10 14:23:23','127.0.0.1','2014-09-10 14:23:40','','1@qq.com',NULL,'13570808851','',NULL,NULL,3,'2014-01-01 00:00:00',0,NULL,0,NULL,'','KF3'),(4,'2014-09-02 17:27:42','gl4','test2','bc21f267a1fb6ab7185f811e8a452d37',0,'\0',NULL,'',0,NULL,NULL,NULL,NULL,'2@qq.com',NULL,'13570808851','',NULL,NULL,3,'2014-01-01 00:00:00',0,NULL,0,NULL,'','KF4'),(5,'2014-09-02 17:28:11','gl5','test3','bc21f267a1fb6ab7185f811e8a452d37',3,'','2014-09-09 11:41:20','',0,'2014-09-09 11:41:20','127.0.0.1',NULL,'','3@qq.com',NULL,'13570808851','',NULL,NULL,3,'2014-01-01 00:00:00',0,NULL,0,NULL,NULL,NULL),(6,'2014-09-03 09:35:06','gl6','吴用','bc21f267a1fb6ab7185f811e8a452d37',0,'\0',NULL,'',0,NULL,NULL,NULL,NULL,'10@qq.com',NULL,'15019412176','',NULL,NULL,3,'1989-09-15 00:00:00',0,NULL,0,NULL,'','KF6');

/*Data for the table `t_system_options` */

insert  into `t_system_options`(`id`,`_key`,`_value`,`description`) values (1,'service_email_server','smtp.ym.163.com',NULL),(2,'service_email_account','services@eims.com.cn',NULL),(3,'service_email_password','qW9qQgVKZ1uzXsljjIn/fQ==',NULL),(4,'service_sms_account','Test','短信通道账号'),(5,'service_sms_password','q23423409_0xdv_-o4','短信通道密码'),(6,'service_mail_account','chenpi@eims.com.cn','邮件通道账号'),(7,'service_mail_password','123','邮件通道密码'),(8,'email_website','mail.eims.com.cn','邮箱登陆网址'),(9,'POP3_server','mail.eims.com.cn','POP3服务器'),(10,'STMP_server','mail.eims.com.cn','STMP服务器'),(11,'is_charges_channels','1','是否开启收费邮件广告通道(0开启，1不开启)'),(100,'platform_telephone','0755-27537555','客服电话'),(101,'platform_name','晓风支付中间件1.0','平台名称'),(102,'platform_logo_filename','/images?uuid=faca91fb-5504-46e5-ae70-cba03c080f34','LOGO路径'),(103,'company_name','深圳英迈思文化科技有限公司','公司名称'),(104,'company_province','广东省','省'),(105,'company_city',NULL,'市'),(106,'company_address','深圳·宝安中心区·宝源路F518时尚创意园15栋3楼/13栋首层  ','详细地址'),(107,'company_telephone','0755-29556666','联系电话'),(108,'contact_mobile1','xcvxcv','手机1'),(109,'contact_mobile2','xcvxcv','手机2'),(110,'company_fax','0755-2788 8009','传真'),(111,'company_email','eims@eims.com.cn','邮箱'),(112,'company_contact_name','xvf','联系人'),(113,'company_qq1','xvxvx','联系QQ1'),(114,'company_qq2','vxcvxcvxc','联系QQ2'),(115,'site_icp_number','Copyright ©2005 - 2014  粤ICP备09063742号-1','网站备案号'),(116,'work_start_time','8:30','工作开始时间'),(117,'work_end_time','23:00','工作结束时间'),(201,'lable_beginner_introduction','新手入门',NULL),(202,'lable_about_loan','我要借款',NULL),(203,'lable_about_ financing','我要理财',NULL),(204,'lable_about_us','关于我们',NULL),(205,'lable_help_centre','帮助中心',NULL),(206,'lable_customer_support','客服与支持',NULL),(301,'bill_repayment_type','0','账单返款方式(0.自动付款；1.手动付款)'),(401,'audit_mechanism','0','审核机制(0.先审后发；1.先发后审；2.边发边审)'),(402,'audit_mode','1','边发边审的模式(0,全部,1.必须,2.可选)'),(403,'audit_scale','30','提交资料的比例'),(501,'loan_number','J','借款标编号代码'),(502,'loan_bill_number','Z','借款账单编号代码'),(503,'invests_bill_number','L','理财账单编号代码'),(504,'agencies_number','H','合作机构编号代码'),(505,'transfer_number','Z','债权转让编号代码'),(506,'audit_item_number','S','审计资料编号代码'),(701,'seo_title','晓风安全网贷6.0全新上市','SEO标题'),(702,'seo_description','晓风安全网贷6.0全新上市','SEO描述'),(703,'seo_keywords','晓风安全网贷6.0全新上市','SEO关键词'),(1001,'version_name','6.0.1',NULL),(1002,'version','2014001',NULL),(1003,'db_version','2014001',NULL),(2001,'borrow_fee','0.0','借款管理费本金'),(2002,'borrow_fee_month','0','借款管理费月'),(2003,'borrow_fee_rate','0.0','借款管理费利率'),(2004,'investment_fee','2.0','理财管理费'),(2005,'debt_transfer_fee','0.0','债权转让管理费'),(2006,'overdue_fee','0.0','逾期管理费'),(2007,'withdraw_fee','0.0','提现管理费基数'),(2008,'withdraw_fee_rate','0.0','提现管理费利率'),(2009,'recharge_fee','0.0','充值手续费'),(2010,'vip_fee','24.0','VIP服务费'),(2011,'vip_time_type','0','VIP服务时间类型'),(2012,'vip_time_length',NULL,'VIP服务时长'),(2013,'vip_min_time_type','1','VIP最少开通时间类型'),(2014,'vip_min_time_lenght','5','VIP最少开通时长'),(2015,'vip_discount','9','VIP折扣'),(2016,'vip_audit_period','1','VIP审核周期'),(3001,'normal_repayment_score','1','正常还款积分'),(3002,'successful_borrow_score','1','成功满标借款积分'),(3003,'successful_invest_score','1','成功投标一次增加积分'),(3004,'overdue_bill_score','1','账单逾期扣分（负数表示扣分）'),(3005,'credit_limit','10.0','信用积分兑换信用额度（1分/100元）'),(3006,'credit_initial_amount','100000.0','初始信用额度'),(3007,'invest_integration','2','理财积分设置'),(3008,'money_to_system_score','1','每投标1元积多少分'),(4001,'cps_reward_type','2','1 按会员数；2 按交易额'),(4002,'cps_reward_type_1','1','按会员数，每个的金额'),(4003,'cps_reward_type_2','1','按交易额的比例(%)'),(5000,'isopen_password_error_limit','1','是否启用密码错误次数超限锁定(0不启用，1启用)'),(5001,'security_lock_at_password_continuous_errors','3','密码连续错误次数时锁定用户'),(5002,'security_lock_time','1','密码连续错误次数时锁定用户时长（分钟）'),(5003,'security_is_username_limit_words','true','用户名是否过滤关键词'),(5004,'security_min_username_length','6','最小用户名长度'),(5005,'security_max_username_length','16','最大用户名长度'),(5006,'security_min_password_length','6','最小密码长度'),(5007,'security_max_password_length','16','最大密码长度'),(5008,'security_password_regex','请书写一个','密码复杂度正则表达式'),(5009,'register_neg','test','注册否定词'),(5010,'platform_startup_time','2014-07-01 13:50:11','平台启动时间'),(6001,'baidu_account','','百度流量统计账号'),(6002,'baidu_password','','百度流量统计密码'),(6003,'baidu_code','<script type=\"text/javascript\">\r\nvar _bdhmProtocol = ((\"https:\" == document.location.protocol) ? \" https://\" : \" http://\");\r\ndocument.write(unescape(\"%3Cscript src=\'\" + _bdhmProtocol + \"hm.baidu.com/h.js%3F376142adbec570811d83581d761ebd6c\' type=\'text/javascript\'%3E%3C/script%3E\"));\r\n</script>\r\n','百度流量统计代码'),(7001,'company_name_service','英迈思','公司名称（后台）'),(7002,'company_province_service','0','省'),(7003,'company_city_service','0','市'),(7004,'company_domain','www.niumail.com.cn','域名'),(7005,'register_code','i1NGUgteVwudS9p0kJfsd80WRQhTCwpWzhfEJc/K+S7UWlocC0VXA5dA2n+gp9dKumFrfwpMVwo=','注册码'),(7006,'app_version','6.01','app版本号');

/*Data for the table `t_transfer_batches` */

/*Data for the table `t_transfer_details` */

/*Data for the table `t_untreated_imformation` */

/*!40101 SET SQL_MODE=@OLD_SQL_MODE */;
/*!40014 SET FOREIGN_KEY_CHECKS=@OLD_FOREIGN_KEY_CHECKS */;
/*!40014 SET UNIQUE_CHECKS=@OLD_UNIQUE_CHECKS */;
/*!40111 SET SQL_NOTES=@OLD_SQL_NOTES */;
